doffin_id,lenke,tittel,beskrivelse,kontrakt_type,cpv_primaer,cpv_tillegg,estimert_verdi,valuta,prosedyre_type,tilbudsfrist_dato,tilbudsfrist_tid,er_kvalifikasjonsfase,sporsmalsfrist_dato,sporsmalsfrist_tid,oppdragsgiver,oppdragsgiver_orgnr,oppdragsgiver_adresse,kontakt_navn,kontakt_telefon,kontakt_epost,oppdragsgiver_kommunenummer,oppdragsgiver_postnummer
2026-115373,https://doffin.no/notices/2026-115373,"""Likestilte kommuner"" - et følgeforskningsprosjekt","Barne-. Ungdoms- og familiedirektoratet (Bufdir) skal i samarbeid med Kommunesektorens organisasjon (KS) igangsette og gjennomføre modellkommuneprosjektet ""Likestilte kommuner"". Innsatsen svarer til oppdrag O26 i Bufdirs tildelingsbrev for 2026, hvor målet er å styrke kommunenes forutsetninger for å oppfylle aktivitets- og redegjørelsesplikten etter likestillings- og diskrimineringsloven § 24, som pålegger offentlige myndigheter å arbeide aktivt, målrettet og planmessig for å fremme likestilling og hindre diskriminering i hele sin virksomhet. Parallelt med utvikling og utprøvingen av tiltak i kommunene, skal det gjennomføres et følgeforskningsprosjekt.

Bufdir lyser herved ut et følgeforskningsprosjekt om ""Likestilte kommuner"". Formålet er å utvikle empirisk kunnskap om hvordan innsatsen fungerer som virkemiddel for å styrke kommunenes arbeid med likestilling og ikke-diskriminering. Følgeforskningen skal gi innsikt i utvikling, gjennomføring, hvilke mekanismer/ omstendigheter/ kontekstuelle forhold som fremmer eller hemmer måloppnåelse, og hvilke endringer innsatsen bidrar til i kommunenes arbeid. 

Kunnskapen fra følgeforskningsprosjektet skal styrke beslutningsgrunnlaget for offentlige myndigheter og andre relevante aktører som arbeider med utvikling av kommunal likestillingspolitikk, tiltak og forvaltning.",services,73110000,,4000000,NOK,open,2026-10-30+00:00,11:00:00+00:00,False,2026-10-22+00:00,10:00:00+00:00,"Barne-, ungdoms- og familiedirektoratet",986128433,"Postboks 2233, 3103, Tønsberg",Anders Næss,+47 48027532,anders.ness@bufdir.no,0301,0663
2026-115374,https://doffin.no/notices/2026-115374,DK9101 Drammen 2027-2032,"Oppdraget omfatter drifts- og vedlikeholdsoppgaver, med funksjonsansvar for noen av oppgavene, på riksveger og riks-g/s-veger med tilhørende sideanlegg, sideområder, utstyr og installasjoner, i Asker, Bærum, Drammen, Hole, Kongsberg, Lier, Modum, Ringerike og Øvre Eiker kommuner i henhold til vegliste gitt i kap. D2-V1 og D2-S20. ",services,63712200,45000000; 45233141; 45233140; 45233139,,,neg-w-call,2026-11-02Z,11:00:00.000Z,True,,,Statens vegvesen,971032081,"Innspurten 11C, 0663, Oslo",Tine Maria Storhaug,+47 22073000,firmapost@vegvesen.no,0301,0663
2026-115377,https://doffin.no/notices/2026-115377,"IK-EØS 086-2026 Arbeidstøy og vernebekledning, inkl. regntøy og sko","Anskaffelse av arbeidstøy og vernebekledning, inklusive regntøy, verneutstyr og sko til bruk for tekniske tjenester, bygg og anlegg, renhold, skole og barnehage m.fl.

Anskaffelsen skal dekke Oppdragsgivernes behov for slike produkter og vi ønsker en leverandør som kan tilby et bredt sortiment i de etterspurte produktkategorier. Det skal inngås kontrakt for hele sortimentet innenfor følgende kategorier: Arbeidstøy og vernebekledning, inkl. regntøy og sko, arbeidstøy tilbehør og verneutstyr.

Det skal leveres både dame- og herremodeller/størrelser.",supplies,18000000,18100000; 18110000; 18140000,60000000,NOK,open,2026-11-03Z,13:00:00.000Z,False,,,Bergen Kommune,964338531,"Rådhusgaten 10, 5014, Bergen",Malene Tjore Lervåg,+47 05556,hovedpostmottak@bergen.kommune.no,4601,5014
2026-115381,https://doffin.no/notices/2026-115381,Leie av arrangementsutstyr,"Rammeavtalen gjelder leie av arrangementsutstyr med tilhørende tjenester til Ringsaker kommune, herunder blant annet levering, henting, montering og demontering samt faglig bistand.Avtalen omfatter blant annet publikumsgjerder, kabelbeskyttere, kjøreplater, toaletter og toalettvogner, salgs- og kjølecontainere, HC-plattform, teleskoptruck, samt strømaggregater, fordelingssentraler og skjøtekabler for midlertidig strømforsyning.Avtalen skal dekke kommunens behov ved planlagte arrangementer, uforutsette hendelser, midlertidige avstengninger og lignende situasjoner. Den omfatter også montering, demontering, befaringer, behovsavklaringer og faglig bistand etter avrop.For nærmere informasjon vises det til anskaffelsesdokumentene.",supplies,39300000,31200000; 31600000; 34220000; 39154000; 42410000; 42415000; 44321000; 44411800; 44613200; 45342000; 79952000,,,open,2026-11-03+00:00,11:00:00+00:00,False,2026-10-26+00:00,11:00:00+00:00,Ringsaker kommune,864950582,"Postboks 13, 2381, BRUMUNDDAL",Evy Marlén Wilhelmsen,+47 62335000,evy.marlen.wilhelmsen@ringsaker.kommune.no,3411,2380
2026-115383,https://doffin.no/notices/2026-115383,Rammeavtale for formingsmateriell og leker,"Bakgrunn

Elverum, Løten, Hamar, Stange, Nord-Fron, Lillehammer, Gausdal, Øyer og Ringsaker kommune har til hensikt å inngå rammeavtale om kjøp av formingsmateriell og leker. 

Formålet med anskaffelsen er å dekke oppdragsgivers løpende behov for formingsmateriell og leker på en effektiv og rasjonell måte, og til lavest mulig kostnad for oppdragsgiver. Anskaffelsen skal gjennomføres i henhold til krav og bestemmelser om klima- og miljø. Leverandøren skal benytte sin kompetanse og erfaring til å veilede brukerne i Innkjøpssamarbeidet, slik at det oppnås best mulig betingelser og innkjøpsflyt gjennom hele leveranseperioden. Se kravspesifikasjon for ytterligere presiseringer. 

Leverandøren skal bruke sin fagkunnskap og kompetanse for å bidra til at kontraktens formål blir ivaretatt. 

Beskrivelse av oppdraget

Anskaffelsen omfatter levering av et bredt spekter av formingsmateriell og leker beregnet på barnehager, skoler og SFO. Leveransen skal dekke behov på tvers av kommunene, og omfatter både standardsortiment og mer spesialiserte produkter innen relevante varegrupper. 

Sortimentet skal blant annet omfatte formingsmateriell til skole og undervisning, leker til barnehage og SFO samt sansemotoriske og pedagogiske leker. Det etterspørres en løsning som gir brukerne tilgang til et bredt, oppdatert og hensiktsmessig vareutvalg, med tydelig produktinformasjon og gode bestillingsmuligheter.

Rammeavtalen skal legge til rette for enkel håndtering av både små og store bestillinger, nettbestilling med oppdaterte produktdata, faste og forutsigbare leveringsrutiner samt god brukerstøtte ved valg av produkter. Leverandøren skal bidra med kompetanse og veiledning slik at kommunene oppnår en effektiv og fleksibel bruk av avtalen gjennom hele avtaleperioden.

Produktene som tilbys skal være egnet for bruk i kommunal oppvekst- og undervisningssektor, og det vil bli lagt vekt på kvalitet, sikkerhet og miljøegenskaper. Nærmere krav til sortiment, produktkategorier, bestillingsløsning og leveranse fremgår av kravspesifikasjonen og øvrige anskaffelsesdokumenter.

Dette er en rammeavtale og medfører ingen kjøpeplikt hos oppdragsgiverene. Endringer i organisering, budsjett og rutiner kan påvirke totalvolumene. 

Leveranser

Leveransene skal skje direkte til oppdragsgivers tjenestesteder som vil fremkomme i bestillingene, innenfor vanlig kontortid. 

Komplett levering inkluderer all nødvendig dokumentasjon. Dokumentasjon inneholder alt skriftlig materiale levert i avtaleperioden. Det skal leveres i et leselig elektronisk format. 

Levert materiale er oppdragsgivers eiendom og kan fritt benyttes av oppdragsgiver, til dette og andre relevante formål. 

Leverandøren skal gjennomføre et oppstartsmøte senest 2 uker etter avtaleinngåelse hvor oppdragsgiver skal være invitert.",supplies,37000000,19200000; 37500000; 19400000; 37510000; 37520000; 37800000,18000000,NOK,open,2026-11-06+01:00,12:00:00+01:00,False,,,Abakus AS,983335543,"Postboks 128, 2440, Engerdal",Abakus AS,47476000,post@abakus.as,3425,2440
2026-115388,https://doffin.no/notices/2026-115388,"Anskaffelse - Interaktive skjermer, 2026 (2)","Bakgrunn og formål

Oppdragsgiver skal inngå rammeavtale med én leverandør for kjøp av interaktive skjermer og nært tilknyttet utstyr og tjenester til undervisningsrom. Avtalen skal gi brukerne en ensartet og intuitiv løsning, samtidig som kundene kan velge riktig produkttype og størrelse til det enkelte rommet.",supplies,30195200,32321200; 30231000; 32322000; 39162100; 30231300; 39162000; 30231320; 32321000; 39162200; 32320000; 30200000,8000000,NOK,open,2026-11-06+01:00,12:00:00+01:00,False,,,Ålesund kommune,929911709,"Keiser Wilhelms gate 11, 6003, Ålesund",Ålesund kommune, +4770162000,postmottak@alesund.kommune.no,1508,6003
2026-115393,https://doffin.no/notices/2026-115393,Stord renseanlegg - anskaffelse av entreprise B2 for grunnarbeider og utslippsledning,"Stord Vatn og Avløp innbyr med dette til konkurranse om entreprise for bygging av grunnarbeider og utslippsledning for Stord renseanlegg på Skjersholmane, Stord. Sanering/riving av eksisterende renseanlegg inngår også i kontraktsarbeidet. Etablering av midlertidige spillvannsledninger for å håndtere avløpsvannet mens bygging av nytt avløpsrenseanlegg pågår, inngår også.",works,45252100,45232400; 45000000; 45110000,,,open,2026-11-06Z,11:00:00.000Z,False,,,Norconsult Norge AS,962392687,"Kongens gate 21, 0153, Oslo",Ratnes Lahouratate,+47 67571000,firmapost@norconsult.com,3201,1338
2026-115379,https://doffin.no/notices/2026-115379,,,,,,,,,,,,,,,,,,,,,
2026-115394,https://doffin.no/notices/2026-115394,"Anskaffelse - Lås, beslag og adgangskontroll med tilhørende varer og tjenester, 2026 - Del 1 Nordre (2)","Formålet med avtalen er å dekke kundes behov for lås, beslag og adgangskontroll med tilhørende varer og tjenester iht. kravspesifikasjonen. Leverandør må kunne levere, montere og vedlikeholde de fleste typer låser og beslag, samt produsere og levere nøkler og lignende. Leverandør må også kunne levere, montere og vedlikeholde varer og tjenester knyttet til lås- og adgangskontrollsystem (eksempelvis iLOQ og ARX inkl. lisenser), samt dørautomatikk, dørlukkere og dørpumper. Kunde har en stor og variert bygningsmasse, og har derfor behov for et bredt utvalg av slike varer og tjenester. Oppdrag i denne avtalen vil i hovedsak bestå av levering og montering av lås og beslag til dører, etablering og installasjon av låssystem og adgangskontroll, serviceoppdrag og rådgivning.  Leverandør må kunne håndtere både planlagte/ordinære oppdrag og hasteoppdrag (kritiske eller ikke-kritiske) som krever kort responstid.",services,98395000,42961100; 44500000; 44520000; 44521100; 44521110; 44523000; 44523200,,,open,2026-11-04+00:00,11:00:58+00:00,False,2026-10-26+00:00,23:00:00+00:00,Ålesund kommune,929911709,"Keiser Wilhelms gate 11, 6003, Ålesund",Jonette Valaas Skare,+4770162000,jonette.valaas.skare@alesund.kommune.no,1508,6003
2026-115400,https://doffin.no/notices/2026-115400,Rammeavtale materialhåndteringsmaskiner og hjullastere Ny,"ReMidt IKS skal inngå rammeavtaler på innkjøp av hhv. sorteringsmaskiner og hjullastere til sine omlastingsanlegg. Avtalene skal sikre at oppdragsgiver til enhver tid foretar det mest rasjonelle, økonomiske og samfunnsansvarlige kjøp for sine virksomheter.",supplies,34140000,34000000; 34100000; 34144000; 34144700; 34144710; 34144900; 50000000; 50100000; 50110000; 50116000,55000000.00,NOK,open,2026-11-04+00:00,11:00:00+00:00,False,2026-10-28+00:00,11:00:00+00:00,REMIDT IKS,975936333,"Postboks 94, 7301, Orkanger",Torbjørn Evjen,+47 72483700,torbjorn.evjen@remidt.no,5059,7300
2026-115399,https://doffin.no/notices/2026-115399,Ad-hoc Busstjenester,"Oppdragsgiver ønsker å inngå parallelle rammeavtaler på ad-hoc busstjenester.
Rammeavtalen skal dekke oppdragsgivers transportbehov utenfor rute.",services,60140000,60000000; 60172000; 63520000,,,open,2026-11-03+00:00,11:00:58+00:00,False,2026-10-25+00:00,23:00:00+00:00,Kolumbus AS,914749360,"Jernbaneveien 9, 4005, Stavanger",Svein Arild Skjæveland,+4751925200,svein.arild.skjaeveland@kolumbus.no,1103,4005
2026-115402,https://doffin.no/notices/2026-115402,Evaluering av tilskuddsordninger for nasjonale minoriteters språk og kultur,"Kulturdirektoratet forvalter fem tilskuddsordninger for å styrke nasjonale minoriteters språk, kultur, identitet og egenorganisering. De nasjonale minoritetene i Norge er kvener/norskfinner, skogfinner, romanifolk/tatere, romer og jøder. Ordningene er sentrale virkemidler for aktiv samfunnsdeltakelse og styrking av språk og kultur. På oppdrag fra Kommunal- og distriktsdepartementet lyser Kulturdirektoratet nå ut en ekstern evaluering av disse ordningene. Formålet med evalueringen er å få kunnskap om hvorvidt, i hvilken grad og på hvilken måte tilskuddsordningene bidrar til å oppfylle målene som er satt og hvordan de eventuelt kan videreutvikles for bedre å styrke nasjonale minoriteters språk og kultur. Oppdragstaker skal vurdere om ordningene er effektive med hensyn til ressursbruk, organisering og måloppnåelse.",services,73000000,73110000; 73210000; 79419000,2400000.00,NOK,open,2026-11-06+00:00,14:00:00+00:00,False,2026-10-29+00:00,11:00:00+00:00,Kulturdirektoratet,971527412,"Postboks 4808 Nydalen, 0422, OSLO",Innkjøp,+47 21045800,anskaffelser@kulturdirektoratet.no,0301,0459
2026-115401,https://doffin.no/notices/2026-115401,Innkjøp AV utstyr Mosjøen vgs,"Nordland fylkeskommune bygger for tiden en ny videregående skole i Mosjøen som skal stå ferdig til skolestart høsten 2027. Skolen vil få ca. 500 elever og ha ca. 170 ansatte med et totalt BRA på 14500 m2.  I denne forbindelse skal det kjøpes inn AV-utstyr til auditoriet og avdeling for musikk, dans og drama.",supplies,32300000,30231310; 30231320; 31500000; 31518100; 31527260; 31682220; 32211000; 32270000; 32321200; 32331300; 32342400; 32342410; 32342412; 32351000; 32351200; 32351300; 38653400; 45237000,,,open,2026-11-02+00:00,11:00:00+00:00,False,2026-10-26+00:00,11:00:00+00:00,Nordland fylkeskommune,964982953,"Prinsensgate 100, 8048, BODØ",Tom Grønnslett,+47 75650000,tomgro@nfk.no,1804,8005
2026-115404,https://doffin.no/notices/2026-115404,Innvendig og utvendig skilting av kommunale bygg - 2027,Kjøp og montering av innvendig og utvendig skilting til kommunale bygg.,supplies,34928470,44423400,7500000.00,NOK,open,2026-11-06+00:00,11:00:00+00:00,False,2026-10-23+00:00,10:00:00+00:00,Trondheim kommune,942110464,"Erling Skakkes gate 14, 7004, TRONDHEIM",Trude Houen Riksheim,+47 72540000,trude.houen.riksheim@trondheim.kommune.no,5001,7013
2026-115406,https://doffin.no/notices/2026-115406,Undervisning geoteknikk,"Institutt for bygg, miljø- og naturvitenskap (IBMN) ved HVL ønsker å inngå rammeavtale med en leverandør som kan gjennomføre faget BYG115 Geoteknikk",services,80430000,,,,open,2026-11-03+00:00,11:00:58+00:00,False,2026-10-25+00:00,23:00:00+00:00,Høgskulen på Vestlandet,917641404,"Pb. 7030, 5020, Bergen",Kjetil Fotland,55 58 58 00,kfo@hvl.no,4601,5063
2026-115408,https://doffin.no/notices/2026-115408,Treningsutstyr (1),"Sirdal kommune har behov for å anskaffe treningsutstyr til et nytt treningssenter på Tonstad i Sirdal kommune. Arealet til treningssenteret er i overkant av 400kvm og skal deles inn i flere treningssoner. Tilbyder er selv ansvarlig for å utforme innholdet til et komplett, funksjonelt og trygt treningssenter, som oppfyller minimumskravene angitt i kontrakten. Kontraktssummen er fastsatt i kontrakten til 2,8 MNOK ekskl. mva. og er ikke et konkurranseelement.

Anskaffelsen er en engangsanskaffelse, med medfølgende service- og vedlikeholdsavtale. Det vil være anledning til å oppgi en samarbeidspartner for service og vedlikehold dersom det er behov.

For ytterligere informasjon om anskaffelsens innhold vises det til del 2 bilag 1 Oppdragsgivers krav og funksjonsbeskrivelse.",supplies,37440000,37441000; 37442000; 37442500; 51121000,3300000,NOK,open,2026-11-04+00:00,11:00:00+00:00,False,,,Sirdal kommune,964964165,"Tonstadvegen 28, 4440, Tonstad",Ingrid Vehusheia,+47 47681035,ingrid.vehusheia@odinprosjekt.no,4228,4440
2026-115390,https://doffin.no/notices/2026-115390,Direkterekruttering av helsepersonell,"Kommunen har behov for å styrke rekrutteringen av autorisert helsepersonell til kommunale helse- og omsorgstjenester, og ønsker derfor å inngå rammeavtale med én eller flere profesjonelle leverandører som kan bistå med aktivt søk, kvalitetssikring og rekruttering av kvalifiserte kandidater til direkte ansettelse i kommunen.

Avtalen skal supplere kommunens egen rekruttering og benyttes når stillinger er vanskelige å besette gjennom kommunens egne rekrutteringsprosesser.

Kommunen har til hensikt å inngå rammeavtale om direkte rekruttering av helsepersonell med en hovedleverandør og inntil 2 sekundære leverandører (parallellavtale). Valg av hoved- og eventuelle sekundærleverandører avgjøres av rangeringen i evalueringen. Kommunen står fritt til å ikke velge sekundærleverandører.",services,79600000,85141000,10000000,NOK,open,2026-11-17Z,11:00:00.000Z,False,,,Fauske Kommune,972418021,"Postboks 93, 8201, Fauske",Tom Seljeås,+47 75604000,postmottak@fauske.kommune.no,1841,8200
2026-115412,https://doffin.no/notices/2026-115412,Matvarer til storhusholdning,"Sunnhordland Innkjøpsforum gjennomfører anbudskonkurransen på vegne av kommunene Stord, Tysnes, Bømlo, Fitjar og Kvinnherad.    Hver kommune er en egen juridisk enhet, og den endelige avtalen skal derfor undertegnes av ansvarlig person i den enkelte kommune.    Kommunene har som mål å inngå avtale om levering av matvarer til storhusholdning. Beskrivelsen av leveransen følger av vedlagt kravspesifikasjon og prisskjema.    Denne avtalen er rettet mot produksjonskjøkken/storhusholdning. Øvrige avdelinger i kommunene har rett, men ikke plikt til å benytte seg av avtalen.   Avtalen omfatter matvarer innen kategoriene: brød og brødvarer; kolonialvarer; frukt og grønt; fisk og fiskeprodukter; kjøtt og kjøttprodukter. Meieriprodukter inngår i en separat delkontrakt.",supplies,15000000,15500000,,,open,2026-11-06+00:00,11:00:00+00:00,False,,,Stord kommune,939866914,"Postboks 304, 5402, Stord",Emma Casey,+47 48867538,Emma.Clare.Casey@stord.kommune.no,4614,5417
2026-115413,https://doffin.no/notices/2026-115413,,,,,,,,,,,,,,,,,,,,,
2026-115415,https://doffin.no/notices/2026-115415,Prekvalifisering - Kontrakt C06023 Vei- og tomtearbeider (del 1 av 2-trinnsprosess) - Prosjekt P2078 101194  Sirikjerke,Se kvalifikasjonsgrunnlag.,works,45100000,45111200; 45112000; 45233120; 45233300; 45233320,,,neg-w-call,2026-11-04+00:00,11:00:00+00:00,True,,,Forsvarsbygg,975950662,"Grev Wedels plass 5, 0151, OSLO",Malene Våde,+47 46870400,malene.vade@forsvarsbygg.no,0301,0151
2026-115418,https://doffin.no/notices/2026-115418,Revisjonstjenester eksternfinansierte prosjekter,"Anskaffelsen skal dekke OsloMet sitt behov for revisjon og attestasjon av eksternfinansierte forskningsprosjekter. I enkelte prosjekter med finansiering fra eksterne aktører, kreves det revisjon og attestering av rapporterte kostnader og forbruk av tildelte midler, for å bekrefte at disse er brukt på tiltenkt måte.",services,79210000,,,,open,2026-11-03+00:00,11:00:58+00:00,False,2026-10-22+00:00,22:00:00+00:00,OsloMet - storbyuniversitetet,997058925,"Postboks 4 St. Olavs plass, 0130, Oslo",Anne Sofie Ringdal Valskar,67 23 50 00,anval3910@oslomet.no,0301,0167
2026-115376,https://doffin.no/notices/2026-115376,Nytt fagsystem for Garantikassen for fiskere,"Garantikassen for fiskere ønsker å få anbud på nytt fagsystem, og viser til vedlagt konkurransegrunnlag. Kort oppsummert ønsker vi følgende:

· Et nytt, helhetlig fagsystem som erstatter dagens løsning og støtter Garantikassens tilskudds- og ytelsesordninger.

· Trinnvis utvikling i to faser: først funksjonalitet for mannskapsbaserte ordninger, deretter fartøybaserte ordninger, med samlet produksjonssetting og overtakelse etter fase 2.

· En fleksibel og fremtidsrettet løsning med modulær arkitektur, konfigurerbare regler og satser, gode integrasjoner og mulighet for å etablere nye ordninger uten omfattende endringer i programkoden.

· Høy sikkerhet og kvalitet, inkludert personvern, tilgangsstyring, logging, full historikk og sporbarhet samt robuste rutiner for test, feil- og avvikshåndtering.

· Gode og effektive brukerflater for både interne saksbehandlere og eksterne brukere, med støtte for dokumentproduksjon, søknadsbehandling, vedtak, beregning, utbetaling og oppgjør.

· En kompetent og samarbeidende leverandør som kan gjennomføre utviklingen smidig og iterativt, sikre dokumentasjon og kompetanseoverføring og bidra aktivt til risikostyring og videreutvikling.

· Langsiktig vedlikehold og forvaltning av den samlede løsningen etter overtakelse, regulert gjennom SSA-T for utvikling og etablering og SSA-V for vedlikehold, forvaltning og videreutvikling.",services,72230000,72262000; 72232000; 72261000; 72243000,,,open,2026-11-30+01:00,12:00:00+01:00,False,,,Garantikassen for fiskere,974652382,"Postboks 1244, Torgarden, 7462, Trondheim",Garantikassen for fiskere,+4773545650,garanti@garantikassen.no,5001,7462
2026-115375,https://doffin.no/notices/2026-115375,77030 RH KLM MBK Laboratorieautomasjon,"Det skal anskaffes en helautomatisk laboratorieautomasjonsløsning som ivaretar laboratoriets behov for prøvehåndtering, transport, sortering, arkivering og integrasjon med eksisterende analyseinstrumenter, mellomvare og laboratorieinformasjonssystem (LIMS).Laboratoriets aktivitet i eksisterende lokaler forventes å videreføres på nåværende nivå frem til planlagt flytting til ny sykehuslokasjon i 2031. Dette påvirker den forventede brukstiden for den tilbudte løsningen. Informasjon om årlige prøvemengder og aktivitetsnivå fremgår av 77030 vedlegg 3.1 ""Oversikt antall prøveglass på automasjonen"". Informasjon om eksisterende instrumentpark fremgår av 77030 vedlegg 3.3 ""Oversikt automasjonen med forklaring"".OBS:På grunn av fravær hos Oppdragsgiver, vil spørsmål og henvendelser mottatt i uke 41 bli besvart fortløpende fra og med uke 42.",supplies,33000000,38000000,,,open,2026-11-04+00:00,11:00:00+00:00,False,2026-10-28+00:00,11:00:00+00:00,Oslo Universitetssykehus HF (hovedenhet),993467049,"Postboks 4956 Nydalen, 0424, OSLO",Marianne Sponheim,91909828,marspo@ous-hf.no,0301,0450
2026-115410,https://doffin.no/notices/2026-115410,Henting og levering av utgående post ved Oslo universitetssykehus HF,"Anskaffelsens formål er å inngå en rammeavtale som skal omfatte henting av utgående post, rekommanderte sendinger og pakker fra Oslo universitetssykehus HF på følgende steder: Ullevål Sykehus, Rikshospitalet og Radiumhospitalet.",services,64110000,64112000,23200000.00,NOK,open,2026-11-02Z,11:00:00Z,False,,,SYKEHUSINNKJØP HF,916879067,"9811, Vadsø",,78950700,post@sykehusinnkjop.no,5607,9800
2026-115419,https://doffin.no/notices/2026-115419,Anskaffelse av konsesjonskontrakter for BPA- tjenester,Anskaffelse av konsesjonskontrakt for BPA tjenester.Se konkurransegrunnlaget for nærmere beskrivelse.,services,85000000,85300000; 85311200; 85312400,,,open,2026-11-13+00:00,11:00:00+00:00,False,2026-11-06+00:00,11:00:00+00:00,DRAMMEN KOMMUNE,921234554,"Engene 1, 3008, DRAMMEN",Benedicte Elisabeth Dalheim,32040000,benedicte.elisabeth.dalheim@drammen.kommune.no,3301,3015
2026-115420,https://doffin.no/notices/2026-115420,Anskaffelse av fellingskjemikalier og kjemikalier til bruk i vannbehandling,"Anskaffelsen gjennomføres på vegne av følgende kommuner i Kongsbergregionen:  

 * Notodden kommune 

 * Flesberg kommune 

 * Krødsherad kommune 

 * Tinn kommune 

Notodden kommune er vertskommune for anskaffelsen.

 Anskaffelsens formål er å inngå tre rammeavtaler for kjøp av fellingskjemikalier og kjemikalier til bruk i vannbehandling. Hver delkontrakt skal tildeles en (1) leverandør. Samme leverandør kan bli tildelt flere delkontrakter. Anskaffelsens delkontrakter er:  

 * Delkontrakt 1: Marmor 

 * Delkontrakt 2: Fellingskjemikalier 

 * Delkontrakt 3: Polymer og klor 

For en nærmere beskrivelse av behovet vises det til de respektive delkontraktenes behovsbeskrivelser.  

Hele anskaffelsen har en samlet estimert verdi på 23 700 000 MNOK ekskl. mva. og inkl. alle opsjoner. Anskaffelsens maksimale verdi er 35 400 000 MNOK ekskl. mva. og inkl. alle opsjoner. Den økonomiske rammen fordeler seg slik per delkontrakt:  

Delkontrakt 1:  

 * Estimert verdi: 1,4 MNOK ekskl. mva. inkl. alle opsjoner 

 * Maksimal verdi: 2 MNOK ekskl. mva. inkl. alle opsjoner 

Delkontrakt 2:  

 * Estimert verdi: 17,5 MNOK ekskl. mva. inkl. alle opsjoner 

 * Maksimal verdi: 26,2 MNOK ekskl. mva. inkl. alle opsjoner 

Delkontrakt 3:  

 * Estimert verdi: 4,8 MNOK ekskl. mva. inkl. alle opsjoner 

 * Maksimal verdi: 7,2 MNOK ekskl. mva. inkl. alle opsjoner 

Rammeavtalene vil ha en varighet på to (2) år fra kontraktsinngåelse. Rammeavtalen kan deretter fornyes med ett (1) år av gangen inntil seks (6) ganger. Den enkelte kommune velger selv om rammeavtalene skal forlenges.  Rammeavtalens maksimale varighet er åtte (8) år. ",supplies,24000000,24300000; 24320000; 24327000; 24900000; 24950000; 24960000; 24962000,23700000,NOK,open,2026-11-02Z,11:00:00.000Z,False,,,NOTODDEN KOMMUNE,938583986,"Teatergata 3, 3674, NOTODDEN",Benedicte Orheim,+47 35015000,postmottak@notodden.kommune.no,4005,3674
2026-115425,https://doffin.no/notices/2026-115425,Multifunksjonsmaskiner med PaperCut-kompatibilitet,"OFA IKS gjennomfører denne anskaffelsen på vegne av eierkommunene i OFA-samarbeidet for å etablere en ny rammeavtale for multifunksjonsmaskiner (MFP) og tilhørende tjenester.

Kommunene har et betydelig og varierende behov for utskrift, kopi og skanning. Dagens maskinpark består av både leasede og egeneide multifunksjonsmaskiner med ulik alder, kapasitet, funksjonalitet og restlevetid. Samtidig varierer kommunenes størrelse, organisering og bruksmønster. Det er derfor behov for en fleksibel og fremtidsrettet avtale som understøtter både standardisering og lokale tilpasninger.

Formålet med anskaffelsen er å etablere en felles rammeavtale som gir kommunene tilgang til en forutsigbar, kostnadseffektiv, sikker og stabil drift av multifunksjonsmaskinene. Avtalen skal legge til rette for gradvis utskifting og modernisering av maskinparken, samtidig som eksisterende løsninger kan videreføres der dette er hensiktsmessig.

Kommunene har allerede tatt i bruk PaperCut som felles løsning for sikker utskrift og utskriftsadministrasjon. Anskaffelsen omfatter derfor ikke nytt utskriftsstyringssystem. Det er en grunnleggende forutsetning at tilbudte multifunksjonsmaskiner er fullt kompatible med PaperCut og kan integreres sømløst i oppdragsgivernes eksisterende utskriftsmiljø.

For de fleste kommunene i Agder leveres IKT-tjenestene gjennom interkommunale samarbeid eller selskaper, mens enkelte kommuner fortsatt har egne IT-miljøer. Dette innebærer at bestillingsrutiner, godkjenningsprosesser, fakturering og oppfølging varierer mellom de enkelte oppdragsgiverne. Leverandøren må derfor kunne håndtere ulike organisatoriske modeller innenfor rammen av avtalen.

Gjennom anskaffelsen ønsker OFA IKS å etablere en langsiktig og bærekraftig leveransemodell som ivaretar kommunenes behov for kvalitet, sikkerhet, fleksibilitet og god totaløkonomi. Anskaffelsen skal bidra til bedre styring av maskinparken, redusert administrativ belastning, effektiv ressursutnyttelse og relevante miljøgevinster.

2. Beskrivelse av oppdraget

Oppdraget omfatter levering av multifunksjonsmaskiner og tilhørende tjenester til kommuner og virksomheter som omfattes av rammeavtalen.

Leveransen skal dekke behov for utskrift, kopi og skanning ved ulike typer lokasjoner og virksomheter, fra mindre administrative enheter til større miljøer med høyt dokumentvolum og avanserte funksjonsbehov.

Anskaffelsen omfatter blant annet:

leie av multifunksjonsmaskiner

levering og utskiftning av utstyr

installasjon, konfigurering og idriftsettelse

service og vedlikehold

teknisk support og brukeroppfølging

løpende rådgivning og avtaleoppfølging

rapportering og styringsinformasjon

Leverandøren skal tilby en fleksibel leveransemodell som understøtter gradvis fornyelse av maskinparken og sikrer stabil drift i perioder hvor nye og eksisterende løsninger må fungere parallelt.

Oppdragsgiver forbeholder seg retten til å anskaffe brukte multifunksjonsmaskiner av leverandør, eller andre der dette anses som formålstjenlig.

Det etterspørres en helhetlig leveranse med særlig vekt på kvalitet, service, sikkerhet, fleksibilitet og livssykluskostnader. Nærmere krav til funksjonalitet, ytelser, servicenivåer og dokumentasjon fremgår av konkurransegrunnlagets øvrige deler.",supplies,30121100,30125120; 30000000; 30232100; 30121000; 30121200; 30123000; 30120000; 30125000; 30124000; 30100000,15000000,NOK,neg-w-call,2026-11-02+01:00,12:00:00+01:00,True,,,OFA IKS,931832336,"Kjøita 40, 4630, Kristiansand",OFA IKS,+4799296413,sturle@ofa-iks.no,4204,4630
2026-115426,https://doffin.no/notices/2026-115426,"Syketransportbiler til Helse Møre og Romsdal HF, St. Olavs Hospital HF, Helse Førde HF og Sykehuset i Vestfold HF","Syketransporbiler til Helse Møre og Romsdal HF; St. Olavs Hospital HF, Helse Førde HF og Sykehuset i Vestfold HF.",supplies,34114121,34114122,,,open,2026-10-16Z,10:00:00Z,False,,,SYKEHUSINNKJØP HF,916879067,"9811, Vadsø",,78950700,post@sykehusinnkjop.no,5607,9800
2026-115427,https://doffin.no/notices/2026-115427,"26221 Møbler og inventar, rammeavtale","Konkurransen gjelder rammeavtale for kjøp av nye møbler innen følgende grupper med tilhørende tjenester: Kontor- og institusjonsmøbler

Anskaffelsens verdi anslås til: NOK 3.000.000,- eks. mva per år. Maksimalverdi for hele avtaleperioden, inkludert eventuelle opsjoner og forventet prisstigning: 15.000.000,- eks mva. Behovet er usikkert. Volumet kan variere både opp og ned, og vil i avtaleperioden være avhengig av blant annet oppdragsgivers behov, aktiviteter, budsjettsituasjon og andre rammefaktorer.

For nærmere informasjon viser vi til anskaffelsesdokumentene.

Oppdragsgiver har vurdert anskaffelsen opp mot anskaffelsesloven § 5h, og konkludert med at det ikke stilles krav til lærlinger i denne anskaffelsen da anskaffelsen er en vareanskaffelse, jf. anskaffelsesloven § 5h 1. ledd.",supplies,39000000,39100000; 39200000; 39150000; 39120000; 39130000,12000000,NOK,open,2026-10-26Z,11:00:00.000Z,False,,,Innkjøpskontoret AS,912467198,"Nygata 2, 3189, HORTEN",Ingar Gjøra,+47 99721995,post@innkjopskontoret.no,3901,3189
2026-115428,https://doffin.no/notices/2026-115428,,,,,,,,,,,,,,,,,,,,,
2026-115429,https://doffin.no/notices/2026-115429,Rammeavtale AV-/PA-utstyr,Nordland fylkeskommune ønsker å inngå rammeavtale med én leverandør om leveranse av AV- og PA-utstyr og serviceavtaler etter behov.Maksimal ramme for avtalen er satt til 20 000 000 NOK inkludert eventuelle opsjonsår.,supplies,32321200,32324100; 32340000,19900000.00,NOK,open,2026-11-09+00:00,11:00:00+00:00,False,2026-10-29+00:00,11:00:00+00:00,Nordland fylkeskommune,964982953,"Prinsensgate 100, 8048, BODØ",Remi Andorsen,+47 75650000,remand@nfk.no,1804,8005
2026-115430,https://doffin.no/notices/2026-115430,Anskaffelse av veterinærvakttjenester for Lillehammer og Gausdal kommune,"Kommunene har ansvar for å organisere en klinisk veterinærvakt for alle dyreslag.Ordningen med veterinærvakter er etablert i henhold til lov 15. juni 2001 nr. 75 om veterinærer og annet dyrehelsepersonell § 3 a.Ordningen med veterinærvakter skal sikre at det i kommunal/interkommunal regi blir etablert klinisk vakt for veterinærer i alle deler av landet, slik at nødvendig veterinærhjelp kan skaffes utenom ordinær arbeidstid. Veterinærvakten er en nødvendig del av beredskapen mot alvorlige smittsomme dyresykdommer og viktig for å opprettholde god dyrevelferd.",services,85200000,,,,open,2026-10-07+00:00,10:00:00+00:00,False,2026-09-28+00:00,13:00:00+00:00,Lillehammer Kommune,945578564,"Postboks 986, 2626, Lillehammer",Kjell Helge Smehus,+47 61050500,kjell.helge.smehus@lillehammer.kommune.no,3405,2609
2026-115431,https://doffin.no/notices/2026-115431,2026/28:  Rammeavtale kommunikasjonstjenester,"Patentstyret, heretter kalt oppdragsgiver, har til hensikt å inngå rammeavtale om kjøp av kommunikasjonstjenester, blant annet til strategisk rådgiving, merkevarebygging, PR og reklame.Leverandøren skal bidra både i det langsiktige strategiarbeidet og i det løpende kommunikasjonsarbeidet, og sikre en helhetlig og målrettet kommunikasjon på tvers av kanaler og tiltak.På grunnlag av tidligere års anskaffelser kan det, uten forbindtlighet for Oppdragsgiver, estimeres en verdi på ca. 6 000 000 i løpet av avtaleperioden inklusive opsjoner. Dette utgjøre rammeavtalens maksimale forbruk.Standard kontrakt som benyttes er SSA-R. Se bilag 1 for nærmere redegjørelse av hva som inngår i avtalen.",services,79416000,79400000; 79413000; 79416200; 79420000,,,open,2026-11-05+00:00,11:00:00+00:00,False,2026-10-22+00:00,10:00:00+00:00,Patentstyret,971526157,"Pb. 4863 Nydalen, 0422, OSLO",Kristine Isobel Bateman,+47 22387300,kristine@odinprosjekt.no,0301,0663
2026-115269,https://doffin.no/notices/2026-115269,Konkurranse om rammeavtale for levering av leasingbilar,Konkurranse om rammeavtale for levering av leasingbilar for Samnanger kommune.,supplies,34115200,34111000; 34114300; 34136100,,,open,2026-11-06+00:00,11:00:00+00:00,False,,,Samnanger kommune,964968985,"Tyssevegen 217, 5650, Tysse",Henrik Røen,+47 56587400,henrik.roen@samnanger.kommune.no,4623,5650
2026-115270,https://doffin.no/notices/2026-115270,Kundeveiledere,"Ruter har behov for en leverandør som kan stille med kvalifiserte kundeveiledere/informanter til ulike informasjons- og veiledningsoppdrag. Oppdragene kan blant annet gjelde avvik i trafikken, ruteendringer, arrangementer, markedsaktiviteter og andre situasjoner der Ruter har behov for bemanning for å ivareta kundekommunikasjon og praktisk bistand.",services,79620000,79342320; 79952000,42000000,NOK,neg-w-call,2026-11-03Z,11:00:00.000Z,True,,,Ruter AS,991609407,"Dronningens gate 40, 0154, Oslo",Jon Askar Kristensen,+47 40006700,post@ruter.no,0301,0154
2026-115271,https://doffin.no/notices/2026-115271,"Rammeavtale for kjøp og levering av strøsand, pukk og grus","Anskaffingsgjenstanden

Anskaffinga gjeld rammeavtale for kjøp og levering av strøsand, pukk, grus og andre omfyllingsmassar.

Massane skal leverast direkte til oppdragsgivar sitt lager.

Estimert verdi

Oppdragsgjevar estimerer at rammeavtalen har ein årleg verdi på mellom 500.000,- og 850.000,- ekskl. mva. Det gir eit samla estimat på mellom 2.000.000,- og 3.400.000,- ekskl. mva.

På grunn av at det er vanskeleg å forutsjå framtidig behov settast det eit øvre tak på 5.000.000,- ekskl. mva. i løpet av maksimal avtaleperiode.",supplies,14210000,44100000; 14212210; 14212100; 14212000,5000000,NOK,open,2026-11-04+01:00,12:00:00+01:00,False,,,Volda kommune,939760946,"Stormyra 2, 6100, Volda",Volda kommune,70058700,postmottak@volda.kommune.no,1577,6100
2026-115272,https://doffin.no/notices/2026-115272,"26238 Entreprenørtjenester kundefinansiert nettanlegg, rammeavtale","Konkurransen gjelder levering av entreprenørtjenester knyttet til etablering av kundefinansierte nettanlegg.

Anskaffelsens verdi anslås til: NOK 25.000.000,- eks. mva per år. Maksimalverdi for hele avtaleperioden, inkludert eventuelle opsjoner og forventet prisstigning: 250.000.000,- eks mva. Behovet er usikkert. Volumet kan variere både opp og ned, og vil i avtaleperioden være avhengig av blant annet oppdragsgivers behov, aktiviteter, budsjettsituasjon og andre rammefaktorer.

Plikten til å stille krav om lærling er vurdert til å gjelde for denne anskaffelsen, jf. forsyningsforskriften
§ 7-14. Se vedlagte seriøsitetsbestemmelser for mer informasjon.",works,45000000,45100000; 45230000; 45231000,125000000,NOK,open,2026-11-02Z,11:00:00.000Z,False,,,Innkjøpskontoret AS,912467198,"Nygata 2, 3189, HORTEN",Ingar Gjøra,+47 99721995,post@innkjopskontoret.no,3901,3189
2026-115275,https://doffin.no/notices/2026-115275,System for produksjonsplanlegging og operativ styring (OneTrack-løsningen),"Formålet med anskaffelsen er å etablere en avtale om en skybasert kjernesystemløsning (""OneTrack-løsningen"") som skal understøtte Vys mest forretningskritiske funksjonsområder innen produksjonsplanlegging og operativ styring av persontogtrafikk i Norge og Sverige. Anskaffelsen skal bidra til å erstatte dagens fragmenterte systemlandskap med en felles, integrert løsning som understøtter ende-til-ende-prosesser, forbedret informasjonsflyt og mer enhetlige arbeidsprosesser på tvers av Norge og Sverige.

Omfanget inkluderer:

 * Skytjenesten (OneTrack-løsningen) med tilhørende infrastruktur og dataressurser.

 * Etablering av løsningen, herunder Tilrettelegging og Innføring av løsningen.

 * Forvaltning av løsningen, inkludert overvåkning, support, opplæring og etterlevelse av avtalt Tjenestenivå.

 * En frivillig opsjon knyttet til funksjonalitet for planlegging av buss for tog.

 * Eventuelle tilleggstjenester som tilbys gjennom Leverandørens Tjenestekatalog.



Se konkurransegrunnlaget for mer informasjon.",supplies,48000000,72212140; 72212100; 72200000; 48100000; 72000000; 72220000,,,neg-w-call,2026-11-02Z,11:00:00.000Z,True,,,VYGRUPPEN AS,984661177,"Schweigaards gate 23, 0191, OSLO",Gry Lund Andersen,+47 98493273,innkjop@vy.no,0301,0191
2026-115276,https://doffin.no/notices/2026-115276,DPS - Kjøp og leasing av lette kjøretøy og minibuss - VOIS,"Vestfold offentlige innkjøpssamarbeid (VOIS) har til hensikt å etablere en dynamisk innkjøpsordning for kjøp og operasjonell leasing av lette kjøretøy og minibuss. Med lette kjøretøy menes kjøretøy under 3,5 tonn, hovedsakelig person- og varebil, samt minibuss med inntil 17 seter.

Oppdragsgiver ønsker en ordning som skal dekke behov for egentransport, samt ivareta regionale og lokale føringer for å redusere klima- og miljøbelastning. Oppdragsgiver ønsker at den fremtidige flåten skal dreies mot å bli betydelig mer klima- og miljøvennlig og på sikt bestå kun av fossilfrie kjøretøy.

Det er et krav at leverandør har utlevering av kjøretøy og verksted i oppdragsgivers nærområde.

Kjøretøy som vil anskaffes er primært, men ikke begrenset til:

Personbil

Flerbruksbil (inntil 9 seter)

Varebil (alle typer inkludert pick-up, under 3,5 tonn)

Minibuss (inntil 17 seter)",supplies,34110000,50113000; 34144900; 50111000; 50100000; 50112000; 50112200; 50110000; 50114000; 50113200,900000000,NOK,restricted,2035-06-18+02:00,12:00:00+02:00,True,,,VOIS,974643723,"Sandefjordsveien 3, 3208, Sandefjord",VOIS,+4790567394,lillian.berheim.skaleskog@sandefjord.kommune.no,3907,3208
2026-115277,https://doffin.no/notices/2026-115277,Anskaffelse av 2 stk. bensindrevne driftsbåter til skjærgårdstjenesten i Indre Oslofjord,"Oslo kommune ved Bymiljøetaten inviterer til åpen anbudskonkurranse for kjøp av to driftsbåter til bruk i indre Oslofjord.

Anskaffelsen gjelder én samlet kontrakt for to driftsbåter bygget på en felles plattform med tilnærmet identiske katamaranskrog. Båtene skal være tilrettelagt for mulig fremtidig konvertering til elektrisk fremdrift.

Båtene skal erstatte eksisterende fartøy og benyttes til driftsoppgaver, skjøtsel og skjærgårdstjeneste i indre Oslofjord.

Begge båtene skal leveres med bensindrevet fremdriftssystem:

 * Driftsbåt 1 skal ha base på Hovedøya.

 * Driftsbåt 2 skal ha base på Håøya.

Driftsoppgavene krever robuste fartøy som kan strandsettes og legge til på grunt farvann, samt operere i smale og trange bukter.

",supplies,34520000,34521000; 34500000; 34513000,9700000,NOK,open,2026-11-10Z,11:00:00.000Z,False,,,Oslo kommune v/ Bymiljøetaten,996922766,"Karvesvingen 3, 0579, Oslo",David Bø,+47 21802180,postmottak@bym.oslo.kommune.no,0301,0579
2026-115282,https://doffin.no/notices/2026-115282,,,,,,,,,,,,,,,,,,,,,
2026-115285,https://doffin.no/notices/2026-115285,Produkter til egenproduksjon av mikrobiologiske medier til St. Olavs hospital HF,Det skal anskaffes produkter som avd. for medisinsk mikrobiologi skal benytte til egenproduksjon av medier som skal benyttes til analyse.,supplies,33000000,33696500; 33698000; 33698100,4400000.00,NOK,open,2026-11-03Z,11:00:00Z,False,,,SYKEHUSINNKJØP HF,916879067,"9811, Vadsø",,78950700,post@sykehusinnkjop.no,5607,9800
2026-115287,https://doffin.no/notices/2026-115287,Hamnebåt - beredskap,"Ullensvang kommune skal inngå kontrakt for kjøp av ny hamnebåt, som skal stetta dagens krav til beredskap og skal styrka transport og beredskap langs sjøvegen.

Det er lagt opp til at båten skal gå inn i den regionale beredskapsstrukturen i Hardanger, herunder med mål om å kunne bli brukt av andre offentlege aktørar.

Båten er tenkt som ein fleirfunksjonell ressurs som skal dekkje fleire kommunale oppgåver, som blant anna ISPS-kontroll, hamnetilsyn, infrastruktur, rashendingar og tilsyn.

Behova er utarbeida i samarbeid mellom brann og redning, beredskapsleiar og veg, park og hamn.",supplies,34500000,34513700; 34521000,4500000,NOK,open,2026-11-03Z,11:00:00.000Z,False,,,Ullensvang Kommune,920500633,"Opheimsgata 31, 5750, Ullensvang",Mari Aartun Severinsen,+47 53654000,postmottak@ullensvang.kommune.no,4618,5750
2026-115288,https://doffin.no/notices/2026-115288,"Regnskaps-, lønns- og HR-tjenester for Luftambulansetjenesten HF","Sykehusinnkjøp HF skal på vegne av Kunde, Luftambulansetjenesten HF (LAT), anskaffe regnskaps-, lønns- og HR-tjenester, hvis formål er å sikre effektive, kvalitetssikrede og brukervennlige prosesser for regnskap, lønn og personaladministrasjon, samt god styringsinformasjon og etterlevelse av gjeldende regelverk.Anskaffelsen skal dekke Kundens behov for løpende regnskapsførsel, lønnstjenester og utarbeidelse av årsregnskap med noter. Videre skal leverandøren tilby integrerte systemløsninger som understøtter blant annet reiseregninger og utleggsrefusjon, tidsregistrering, fraværsregistrering- og oppfølging og turnusplanlegging. Kunden ønsker en stabil og fleksibel leveranse med høy tilgjengelighet og tilstrekkelig kapasitet til å kunne håndtere variasjoner i bistandsbehovet. Avtalen skal legge til rette for at omfanget av bistanden kan økes ved behov, eksempelvis ved sykefravær, organisasjonsendringer eller andre forhold som medfører økt behov for støtte.",services,79000000,48444000; 48444100; 48450000; 79210000; 79211110; 79211200; 79631000,4000000.00,NOK,open,2026-11-02Z,11:00:00Z,False,,,SYKEHUSINNKJØP HF,916879067,"9811, Vadsø",,78950700,post@sykehusinnkjop.no,5607,9800
2026-115289,https://doffin.no/notices/2026-115289,Driftsavtale nettmodell vann,"Konsulentbistand til drift, vedlikehold og utvikling av nettmodell vann NRVA og eierkommuner.",services,71300000,71322200; 71800000,,,open,2026-11-02+00:00,11:00:58+00:00,False,2026-10-14+00:00,22:00:00+00:00,Nedre Romerike vann- og avløpsselskap IKS,892110972,"Ruth Maiers gate 22, 1466, STRØMMEN",David Saxegaard,+4764845400,david.saxegaard@nrva.no,3205,1466
2026-115291,https://doffin.no/notices/2026-115291,Anskaffelse - rammeavtale lisenspartner (LSP),"Statsforvalterens fellestjenester (STAF) har behov for en rammeavtalepart, herunder lisenspartner (LSP – License Solution Partner), som sikrer STAF tilgang til kjøp og forvaltning av lisenser og tjenester fra Microsoft sin portefølje.",services,72000000,30211300; 48000000; 48218000; 48219300; 48219800; 48400000; 48611000,100000000,NOK,open,2026-11-03+00:00,11:00:00+00:00,False,2026-10-27+00:00,11:00:00+00:00,Statsforvalterens fellestjenester,921627009,"Postboks 504, 4804, ARENDAL",Louise Tollefsen,+47 37321137,louise.tollefsen@statsforvalteren.no,4203,4838
2026-115290,https://doffin.no/notices/2026-115290,Pasientfikseringsutstyr strålebehandling til Helse Stavanger,"Det ønskes tilbud på fikseringsutstyr for strålebehandling i hode-/halsregionen. Det bes om tilbud på fire stk identiske hode-/halsunderlag med tilhørende hodestøtter (en CT og tre behandlingsenheter). Hodestøtter ønskes fortrinnsvis i skum. Dersom stereotaktisk hjernebestråling krever ytterligere utstyr, for eksempel ekstra hode-/halsunderlag eller adapter til tilbudt hode-/halsunderlag, bes det om tilbud på to stk/sett av dette (en CT og en behandlingsenhet). Det bes også om tilbud på rammeavtale på 4 år med mulighet for prolongering 1+1 år, på masker tilhørende tilbudt(e) hode-/halsunderlag og/eller adapter.",supplies,33000000,33100000; 33151000,,,open,2026-11-02Z,10:00:00Z,False,2026-10-19Z,08:00:00Z,SYKEHUSINNKJØP HF,916879067,"9811, Vadsø",,78950700,post@sykehusinnkjop.no,5607,9800
2026-115292,https://doffin.no/notices/2026-115292,Åpen anbudskonkurranse for anskaffelse av legemidler og apotekvarer – Orkland kommune,"Orkland kommune skal inngå rammeavtale for levering av legemidler, apotekvarer og multidose samt tilhørende tjenester til kommunens helse- og omsorgstjenester. Rammeavtalen skal inngås med én leverandør og har en varighet på 2 år med opsjon på forlengelse 1+1 år.",supplies,33600000,33680000; 85149000,,,open,2026-10-30+00:00,11:00:58+00:00,False,2026-10-22+00:00,22:00:00+00:00,Orkland Kommune,921 233 418,"Postboks 83, 7301, Orkanger",Xia Zhao Løseth,+47 72 46 73 00,xia.loseth@orkland.kommune.no,,
2026-115293,https://doffin.no/notices/2026-115293,Forbruksmateriell til hjertekirurgi til St. Olavs hospital,Sykehusinnkjøp HF skal på vegne av helseforetakene i Midt-Norge gjennomføre en anskaffelse av forbruksmateriell til hjertekirurgi til St. Olavs hospital. Anskaffelsen er delt inn i 22 delkontrakter. Se anskaffelsesdokumentene for ytterligere opplysninger.,supplies,33000000,33140000,16000000.00,NOK,open,2026-11-02Z,08:00:00Z,False,,,SYKEHUSINNKJØP HF,916879067,"9811, Vadsø",,78950700,post@sykehusinnkjop.no,5607,9800
2026-115295,https://doffin.no/notices/2026-115295,Artroskopirack til Anestesi- og operasjonsavdelingen ved UNN HF Harstad,"Anskaffelsens formål er anskaffelse av 2 stk arthroskopirack til Universitetssykehuset Nord-Norge HF, Harstad.    Bruksområde for utstyret som etterspørres er artroskopiske inngrep, hovedsakelig innenfor skuldre, albue, knær og ankel.   Opsjon på kjøp av 1 stk arthroskopirack til Helse Møre og Romsdal samt 4 stk til helseforetakene i Helse Nord RHF.",supplies,33100000,33100000,,,open,2026-11-06Z,11:00:00Z,False,,,SYKEHUSINNKJØP HF,916879067,"9811, Vadsø",,78950700,post@sykehusinnkjop.no,5607,9800
2026-115296,https://doffin.no/notices/2026-115296,Artroskopi forbruksmateriell (utstyrsuavhengig) til helseforetakene i Helse Vest,Anskaffelse av artroskopi forbruksmateriell (utstyrsuavhengig) til helseforetakene i Helse Vest,supplies,33100000,33000000; 33141121; 33141125; 33169000; 33184100,64800000.00,NOK,open,2026-11-08Z,23:00:00Z,False,,,SYKEHUSINNKJØP HF,916879067,"9811, Vadsø",,78950700,post@sykehusinnkjop.no,5607,9800
2026-115297,https://doffin.no/notices/2026-115297,,,,,,,,,,,,,,,,,,,,,
2026-115301,https://doffin.no/notices/2026-115301,Prosjekt 1185602 Vikingtidsmuseet brukerutstyr (VTM-BUT) - K908.01 Billettsalg- og informasjonsdisk og garderober,"Anskaffelsen skal dekke behovet for billettsalg- og informasjonsdisk og garderobeskap ved Vikingtidsmuseet. Anskaffelsen gjelder prosjektering, produksjon og etablering av en integrert informasjonsdisk og garderober som del av et pågående byggeprosjekt, herunder nødvendige bygningsmessige arbeider, oppbygging av gulv, integrasjon og montasje på byggeplass. Informasjonsdisken skal stå sentralt i den tidligere Osebergfløyen i eksisterende bygg, nå Vestibylen, som blir et sentralt kontaktpunkt for publikum på vei både inn og ut av museet. Garderober for publikum skal plasseres over tre etasjer, i den tidligere Osebergfløyen i eksisterende bygg. Det forventes stor personbelastning i området, av en bred målgruppe besøkende. Garderobene som skal leveres skal ha et høyt kvalitetsnivå, både med tanke på utførelse, funksjonalitet og slitestyrke.",supplies,39172000,39100000; 39151000; 39200000; 39156000; 45421000; 45420000; 45212230; 79932000,,,neg-w-call,2026-11-02Z,11:00:00.000Z,True,,,Statsbygg,971278374,"Biskop Gunnerus' gate 6, 0155, Oslo","Thoresen, Eivind Dahl",+47 22954000,postmottak@statsbygg.no,0301,0155
2026-115302,https://doffin.no/notices/2026-115302,Bo- og omsorgstjenester for Karlsøy kommune,"Oppdragsgiver i denne konkurransen er Karlsøy kommune, kommunenr. K_5534",services,85311000,85144100; 85310000; 85311100,10950000.00,NOK,open,2026-11-03+00:00,11:00:00+00:00,False,2026-10-27+00:00,11:00:00+00:00,Karlsøy kommune,940330408,"Rådhusveien 41, 9130, Hansnes",Linda Sjöblom,98845033,ls@finnut.no,5534,9130
2026-115303,https://doffin.no/notices/2026-115303,Jobbsprint Narvik ,"Nav Nordland skal anskaffe et kurs som bidrar til at deltakerne kommer raskest mulig ut i ordinært arbeid gjennom målrettet opplæring i jobbsøking, karriereveiledning, arbeidslivskompetanse, grunnleggende digitale ferdigheter og aktiv jobbsøking. Kurset skal være et kompetansehevende opplæringstiltak som skal styrke deltakernes muligheter for overgang til arbeid. ",services,85000000,85300000; 85312300,,,open,2026-10-18Z,21:59:00Z,False,,,ARBEIDS OG VELFERDSETATEN,889640782,"8601, Mo i Rana",,+4791807423,oystein.strom.rist@live.no,0301,0661
2026-115304,https://doffin.no/notices/2026-115304,Kjøp av 40 omsorgsbustadar tilrettelagt for heildøgns omsorgsteneste,"Øygarden kommune har til hensikt å inngå kontrakt med leverandør for kjøp av 40 nøkkelferdige omsorgsbustadar tilrettelagt for heildøgns omsorgsteneste. Det har vore gjennomført marknadsdialog om konkurransen med spesielt omsyn til kva tomter marknaden kunne tilby. Basert på denne er det bestemt at lokalisering av bustadene må vere på Ågotnes eller Straume. Vedlagt konkurransen ligg den geografiske avgrensinga for dei to lokasjonane. Denne er basert på Strategiar for arbeidet med arealdelen til kommuneplanen 2027-2039, med mindre tilpasningar.

 

Det er eit aukande behov for omsorgsbustadar i kommunen, både no og i framtida. Brukarar av dei nye bustadene vil vere eldre, med eller utan demens, som fungera med ein viss grad av sjølvstende. Dette er personar som har tenester som er meir omfattande enn heimetenesta i dag kan tilby i eige bustad.

 

Prosjektet må kvalifisere for investeringstilskot frå Husbanken og oppfylle Husbanken sin rettleiar for lokalisering og utforming av omsorgsbygg. Kommunen vil handtere søknaden mot husbanken. Etter godkjent søknad husbanken vil kommunen søke om delutbetaling av tilskot til tilbydar. Dette utgjer 40 prosent av investeringstilskotet. Delutbetalinga vert utbetalt til tilbydar som eit forskot på kjøpesummen.

 

Prosjektet skal levere 40 nye omsorgsbustadar med personalbase og fellesareal.

 

Fullstendig beskriving føl av kravspesifikasjonen.",works,45215210,45000000; 45215000,,,neg-w-call,2026-11-02Z,11:00:00.000Z,True,,,Øygarden Kommune,922530890,"Foldnesvegen 1, 5354, Øygarden",snorre nøstdahl,+47 56160000,postmottak@oygarden.kommune.no,4626,5354
2026-115305,https://doffin.no/notices/2026-115305,"Evaluering av fem forsøk med unntak fra bestemmelser i kommuneloven, eiendomsskatteloven og fastlegeforskrift m.m.","Regjeringen inviterte i 2023 kommuner og fylkeskommuner til å søke om å bli med i regjeringens forsøksordning for kommuner og fylkeskommuner. Det innebærer at kommunene får anledning til å teste ut nye måter å løse oppgaver på gjennom fritak fra regelverk. Utgangspunktet for disse forsøkene er lov om forsøk i offentlig forvaltning av 26.06.1992, heretter forsøksloven. Rammene for forsøksordningen kan man lese mer om på departementets nettside om forsøksordningen.

Dette oppdraget går ut på å evaluere fem forsøk: 
- forsøk med å drive en felles legetjeneste i et kommunalt oppgavefellesskap i fire kommuner i Indre Namdal, Trøndelag (Grong, Lierne, Namsskogan, Røyrvik)
- forsøk i Nordre Follo kommune om bedre dialog mellom administrasjon og folkevalgte - dialogfase.
- forsøk i Nordre Follo kommune om bedre dialog mellom folkevalgte, administrasjon og innbyggere - oppgaveforum
- forsøk i Vestland fylkeskommune og 18 kommuner i fylket om vertskommunesamarbeid på tvers av kommunale nivå på fagområdet eldre og avsluttet arkiv
- forsøk i Oslo kommune med delegering av vedtaksmyndighet i saker om ettergivelse/ nedsettelse av eiendomsskatt

Varighet og kostnadsramme
Forsøkene varer i utgangspunktet i inntil fire år fra oppstart, og evalueringsoppdraget vil vare i hele forsøksperioden, samt at det skal skje etterarbeid i forbindelse med sluttrapport. 
Sluttrapport skal leveres innen 1.november 2030. Det kan bli aktuelt for tilbyder å delta på møter og/ eller samlinger med kommunene i forsøksordningen i regi av KS og/ eller departementet.

Øvre kostnadsramme for anskaffelsen er inntil 8 000 000 kroner, ekskl.mva. Beløpet omfatter alle utgifter forbundet med oppdraget. Utbetalinger skjer ved leveranser, jf. bilag 5 til avtalen. Det tas forbehold om Stortingets behandling av budsjettforslaget. 

For nærmere beskrivelse av leveransen, se bilag 1 til avtalen.",services,73000000,73110000; 73200000; 73210000,8000000,NOK,open,2026-11-02+00:00,11:00:00+00:00,False,,,Kommunal- og distriktsdepartementet,972 417 858,"Postboks 8112 Dep, 0032, Oslo",Tina Elseth,+47 47293670,tina.elseth@dss.dep.no,,
2026-115307,https://doffin.no/notices/2026-115307,Navigasjonssimulatorer til Nord-Troms og Senja videregående skoler,"Bakgrunn

Troms fylkeskommune skal oppgradere navigasjonssimulatorene ved Nord-Troms videregående skole, skolested Skjervøy, og Senja videregående skole, avdeling Gibostad. Anskaffelsen gjennomføres for å sikre moderne, stabile og fremtidsrettede simulatorløsninger som understøtter maritim opplæring i tråd med gjeldende krav og behov i undervisningen.

Dagens simulatorpark består av utstyr fra ulike generasjoner, hvor deler av løsningen er fra 2014–2015. Dette medfører utfordringer knyttet til kompatibilitet, drift, vedlikehold og support. Fylkeskommunen har derfor behov for en mer helhetlig løsning med likere funksjonalitet, enklere administrasjon og bedre samspill mellom systemene ved de to skolestedene.

Simulatorene skal brukes i opplæring innen navigasjon, fartøymanøvrering, radiokommunikasjon, samhandling og situasjonsforståelse. Løsningen skal støtte både videreføring av eksisterende kurs og utvikling av nye opplæringstilbud, og skal kunne benyttes i undervisning for flere sertifikatløp samt av eksterne brukere. Det er derfor viktig at løsningen gir realistiske treningsmuligheter, høy pedagogisk verdi og god brukervennlighet for både elever, lærere og instruktører.

Beskrivelse av oppdraget

Anskaffelsen omfatter levering, installasjon og idriftsettelse av komplette navigasjonssimulatorer til begge skolesteder. Leveransen skal omfatte simulatorstasjoner for elever og instruktør, nødvendig maskinvare og programvare, tilhørende lisenser, kabling, integrasjon mot relevant eksisterende utstyr og tilpasset møblering. Leveransen skal være komplett og klar til bruk ved overtakelse.

Løsningen skal legge til rette for realistisk trening i navigasjon, manøvrering, GMDSS-kommunikasjon, samhandling mellom fartøy og øvelser på tvers av fagområder. Simulatorene skal kunne styres samlet fra instruktørstasjon, støtte felles scenarioer og gi gode muligheter for sanntidsstyring, opptak, dokumentasjon og evaluering av øvelser. Det er også ønskelig med fleksibilitet for fremtidige utvidelser og integrasjoner, herunder opsjon på fiskerimodul.

Oppdraget omfatter videre opplæring i bruk og drift, dokumentasjon, forslag til romløsning og eventuelle krav til infrastruktur, samt service- og vedlikeholdsavtale med support og tilgang til reservedeler. Løsningen skal bidra til sikker og effektiv drift over tid, med vekt på brukervennlighet, sentral administrasjon, oppgraderbarhet og samspill mellom simulatoranleggene ved de to skolene.",supplies,34931400,48190000; 34931000; 80210000; 30231320; 34152000; 48822000; 38112100; 48000000; 30231000; 39100000; 38110000; 34150000; 34930000; 39162100,7600000,NOK,open,2026-11-09+01:00,12:00:00+01:00,False,,,Troms Fylkeskommune,930068128,"Postboks 6600, 9296, Tromsø",Troms Fylkeskommune,+47 77788000,postmottak@tromsfylke.no,5501,9007
2026-115308,https://doffin.no/notices/2026-115308,HO-26-05 Forsikringer,"Bakgrunn

Trysil og Folldal kommuner skal inngå nye avtaler om kjøp av forsikringer, da gjeldende avtaler utløper. Formålet er å etablere avtaler som gir kommunene en forutsigbar, trygg og hensiktsmessig forsikringsordning.

Anskaffelsen skal bidra til at kommunenes forsikringsbehov ivaretas på en god måte, samtidig som det legges til rette for effektiv ressursbruk, god oversikt over risiko og skader samt hensiktsmessig oppfølging i avtaleperioden. Kommunene ønsker en løsning som sikrer stabil og tilgjengelig oppfølging, tydelige kontaktpunkter og god bistand ved skadehendelser.

Leverandøren skal bruke sin fagkunnskap og kompetanse for å bidra til at avtalens formål blir ivaretatt.

Beskrivelse av oppdraget

Oppdraget gjelder levering av personforsikringer og tingskadeforsikringer til Trysil og Folldal kommuner. Anskaffelsen omfatter forsikringsdekninger innenfor kommunenes behov, herunder blant annet forsikring av ansatte og andre aktuelle persongrupper, eiendom, kjøretøy, ansvar og øvrige relevante forsikringsdekninger.

Nærmere angivelse av forsikringsobjekter, dekninger, forsikringssummer og egenandeler fremgår av prisskjemaet og øvrige krav i konkurransen. Prisskjemaet er førende for hvilke forsikringer og objekter som omfattes av anskaffelsen.

Anskaffelsen er delt i følgende to deler:

Del 1: Personforsikringer

Del 2: Tingskadeforsikringer

Tilbyder kan gi tilbud på én eller begge delene. Delene evalueres og tildeles hver for seg. Oppdragsgiver kan inngå avtale med inntil to leverandører. Dette innebærer at oppdragsgiver kan inngå avtale med én leverandør for begge deler, eller inngå separate avtaler med ulike leverandører for henholdsvis personforsikringer og tingskadeforsikringer.

Leveransen skal omfatte ordinær forvaltning og oppfølging av forsikringsavtalene i kontraktsperioden. Dette inkluderer blant annet kundeservice, skadebehandling, fast kontaktperson og årlige status- eller oppfølgingsmøter med kommunene.

Leverandøren skal videre kunne bistå kommunene med rådgivning om skadeforebyggende tiltak og risikokartlegging i kommunal virksomhet. Leveransen skal også omfatte hensiktsmessige digitale løsninger, for eksempel kundeportal eller tilsvarende løsning, som gir kommunene tilgang til relevant informasjon om forsikringsavtalene, skader, dokumentasjon og oppfølging.

Avtalene skal samlet sett gi kommunene en oversiktlig, effektiv og robust forsikringsløsning, med tydelige rutiner og stabile tjenester gjennom hele kontraktsperioden.",services,66510000,66516000; 66511000; 66513000; 66515000; 66514000; 66519300; 66514110; 66500000; 66000000; 66515200; 66516400; 66512000,30000000,NOK,open,2026-11-06+01:00,12:00:00+01:00,False,,,Trysil kommune,864948502,"Storvegen 5, 2420, Trysil",Trysil kommune,62 45 77 00 ,postmottak@trysil.kommune.no,3421,2420
2026-115312,https://doffin.no/notices/2026-115312,Transport og behandling av matavfall - RIR IKS,"Transport og behandling av matavfall fra RIR IKS sitt omlastingsanlegg i Årøsetervegen 56, inkludert både husholdnings- og næringsavfall.Ca. 4 200 tonn per år.Avtalen er på 2 år, med ensidig opsjon for oppdragsgiver om forlengelse på 1 + 1 år.",services,90510000,90512000,,,open,2026-11-04+00:00,11:00:00+00:00,False,2026-10-27+00:00,22:59:00+00:00,Romsdalshalvøya Interkommunale Renovasjonsselskap IKS,971042656,"Årøsetervegen 56, 6422, Molde",,+47 71 21 34 50,rir@rir.no,1506,6422
2026-115313,https://doffin.no/notices/2026-115313,Velferdsteknologi Karlsøy kommune 2026,Oppdragsgiver i denne anskaffelsen er Karlsøy kommune. k-nr. 5534.,supplies,33195000,32524000; 33196100; 35121700; 48180000; 72267100,,,neg-w-call,2026-11-02+00:00,11:00:00+00:00,True,,,Karlsøy kommune,940330408,"9130, Karlsøy",Preben Hågensen,45891213,ph@finnut.no,5534,9130
2026-115327,https://doffin.no/notices/2026-115327,Opparbeide parkeringsplasser til adm. kontor Alta,"Det skal etablert en ny parkeringsplass i tilknytning til eksisterende område ved Statnetts administrasjonskontor i Alta. Tiltaket omfatter parkeringsareal for 18 biler, etablering av 6 ladepunkter for elbil med betalingsløsning og brukeradministrasjon, asfaltdekke og merking. 

I tillegg er det opsjon på reasfaltering av dagens parkeringsplass, etablering av grusvei/sti til bygget, belysning og opparbeidelse av grusplass på utvidet areal. 
",works,45233222,14213200; 45223300; 45233300; 45233222,1800000.00,NOK,oth-mult,2026-10-15+00:00,10:00:00+00:00,True,,,Statnett SF,962986633,"Nydalen allé 33, 0484, Oslo",Vibeke Hagen,+4792271165,vibeke.hagen@Statnett.no,0301,0484
2026-115347,https://doffin.no/notices/2026-115347,,,,,,,,,,,,,,,,,,,,,
2026-115320,https://doffin.no/notices/2026-115320,Anskaffelse av konsesjonsavtale brukerstyrt personlig assistent BPA,Lørenskog kommune skal gå til anskaffelse av en konsesjonsavtale for brukerstyrt personlig assistent (BPA) med inntil 10 leverandører,services,85320000,85000000; 85140000; 85300000; 85312400; 85323000; 98000000,350000000,NOK,,,,False,2026-10-20+00:00,22:00:00+00:00,Lørenskog kommune,842566142,"Hasselveien 6, 1471, Lørenskog",Marianne Henriksen,67 93 40 00,marhen4@lorenskog.kommune.no,3222,1470
2026-115343,https://doffin.no/notices/2026-115343,Polyaluminiumklorid (9% Al) til drikkevannsbehandling og avløpsrensing,Anskaffelsen omhandler innkjøp og levering av polyaluminiumklorid til NRVA IKS sitt vannbehandlingsanlegg og avløpsrenseanlegg.,supplies,24962000,,,,open,2026-10-19+00:00,10:00:58+00:00,False,,,Nedre Romerike vann- og avløpsselskap IKS,892110972,"Ruth Maiers gate 22, 1466, STRØMMEN",Sondre Nervik,+4764845400,sondre.nervik@nrva.no,3205,1466
2026-115346,https://doffin.no/notices/2026-115346,"Rammeavtale på arbeidsklær, sko og verneutstyr","Kontrakten gjelder avtale om levering av arbeidstøy, sko og verneutstyr til personell innenfor vei, vann og avløp, eiendom og renhold. Avtalen gjelder for kommunene Levanger, Verdal, Inderøy, Steinkjer, Snåsa, Grong, Namsos, Røyrvik og Lierne. Flatanger og Høylandet kan tilknytte seg på opsjon.",supplies,18100000,18000000; 18110000; 18140000; 18200000; 18220000; 18221000; 18400000; 19220000,10800000,NOK,open,2026-10-07+00:00,14:00:58+00:00,False,2026-09-29+00:00,22:00:00+00:00,Innherred Anskaffelser,997 391 853,"Vennalivegen 7, 7670, Inderøy",Julie Sandnes,+47 74124200,julie.sandnes@inderoy.kommune.no,,
2026-115255,https://doffin.no/notices/2026-115255,Renovering Fjellhallen,"Fjellhallen er et kombinert tilfluktsrom og idrettshall. Arbeidene består i hovedsak av branntekniske oppgraderinger bygningsmessig, elektroteknisk og ventilasjonsteknisk. Nye LED-lys og noen ventilasjonsaggregat er også medtatt.",works,45216129,,9000000,NOK,open,2026-10-06+02:00,12:00:00+02:00,False,2026-09-25+02:00,09:00:00+02:00,Sør-Varanger kommune,942110286,"Postboks 406, 9915, Kirkenes",Trond Egil Lundgren,+4778977400,telu@svk.no,5605,9900
2026-115211,https://doffin.no/notices/2026-115211,Anskaffelse av bedriftshelsetjeneste,"Formålet med anskaffelsen er å tilby en utvidet og helhetlig bedriftshelsetjeneste som dekker  både ordinære helse- og arbeidsmiljøbehov og styrker virksomhetens evne til kriseberedskap og krisehåndtering. Anskaffelsen skal inkludere  1. Bedriftshelsetjenester (lovpålagt)  2. Helsetjenester ifm. pålagt reise og utstasjonering (Rådgivning, vaksinering, helseundersøkelser og tropemedisin)  3. Krisehåndtering før, under og etter akutte hendelser for ansatte og medfølgende Utenriksdepartementet har behov for en tilpasset bedriftshelsetjeneste som må, i tillegg til lovpålagt BHT, dekke krisehåndtering, vaksinering, helseundersøkelser og tropemedisin.   Behovet er delt inn i tre kategorier, se over. Tjenesten må ha fleksibilitet til å håndtere uforutsigbare hendelser og kriser, og perioder med høy etterspørsel frem mot utreise i august. Det er i tillegg behov for at det holdes åpent i sommermånedene.   Utenriksdepartementet ønsker én leverandør som kan levere samlet på hele behovet. Utenriksdepartementet er avhengig av at leverandør kan levere tjenestene for vaksinering, helseundersøkelser og fysiske støttesamtaler i Oslo.    Det er behov for at leverandørens personell kan kommunisere flytende på norsk og engelsk, både muntlig og skriftlig. Dette er nødvendig for å sikre kvalitet i helsevurderinger, konsultasjoner,krisehåndtering og oppfølging av ansatte og medfølgende familiemedlemmer.   Det skal inngås en rammeavtale for bedriftshelsetjenester (BHT). Rammeavtalen har en varighet på 2 år med mulighet for forlengelse i ytterligere 1+1+1 år. Rammeavtalen er ikke eksklusiv.",services,85147000,33000000; 33651600; 79430000; 85000000; 85121270,25000000,NOK,oth-single,2026-11-02+00:00,11:00:00+00:00,False,,,Utenriksdepartementet,972417920,"Postboks 8114 Dep., 0032, Oslo",Alexandra Wigglesworth,+47 98671628,alexandra-solheim.wigglesworth@dss.dep.no,0301,0251
2026-115212,https://doffin.no/notices/2026-115212,R02044 Vintervedlikehold Region Vest - Sjøkrigsskolen Wallemsviken og UVB Vågedalen,"Avtalen omfatter i hovedsak brøyting, sandstrøing, ansvar for brøytestikker, feiing og oppkosting. Oppdraget er nærmere beskrevet i konkurransegrunnlagets del III. Avtalen gjelder vintervedlikehold på Sjøkrigsskolen Wallemsviken og UVB Vågedalen.Avtalen har en varighet på 2 år fra 16.11.2026, eller fra signeringsdato hvis dette inntreffer senere. Avtalen kan forlenges av oppdragsgiver med 1+1+1 år.Oppdragsgiver forbeholder seg retten til å avlyse konkurransen dersom det foreligger saklig grunn, for eksempel ved bortfall av planlagt finansiering eller manglende godkjenning fra politisk eller militært hold.",services,90620000,90610000; 90630000,3200000.00,NOK,open,2026-10-30+00:00,11:00:00+00:00,False,2026-10-21+00:00,10:00:00+00:00,Forsvarsbygg,975950662,"Grev Wedels plass 5, 0151, OSLO",Alexandra Pettersen,+47 46870400,alexandra.pettersen@forsvarsbygg.no,0301,0151
2026-115213,https://doffin.no/notices/2026-115213,Modulbygg,Modulbygg til kommunene på Øvre Romerike.,supplies,44211000,44211100; 44211110,,,open,2026-11-02+00:00,11:00:58+00:00,False,2026-10-22+00:00,22:00:00+00:00,Øvre Romerike Innkjøpssamarbeid,933649768,"Veiberggata 7, 2050, Jessheim",Tor Kjærstad,+47,tor.kjaerstad@orik.no,3209,2050
2026-115215,https://doffin.no/notices/2026-115215,Konkurranse - kontrakt C06297 - Rehabilitering av Utfartsveien 4B - Linderud - 101145 (del 1 av 2 trinnsprosess),Rehabilitering av Utfartsveien 4B på Linderud i Oslo. Arbeidene omfatter ombruk,works,45000000,45200000,65000000.00,NOK,neg-w-call,2026-10-30+00:00,11:00:00+00:00,True,,,Forsvarsbygg,975950662,"Grev Wedels plass 5, 0151, OSLO",Harald Tørklep,+47 46870400,harald.torklep@forsvarsbygg.no,0301,0151
2026-115218,https://doffin.no/notices/2026-115218,Rehabilitering av arbeidsbåt - Skjærgårdstjenesten,"Oppdragsgiver har behov for å inngå kontrakt for en omfattende rehabilitering av M/B «Ry-Fri», som benyttes av Skjærgårdstjenesten i Ryfylke.
Båten er av typen katamaran dimensjonert for fartsområde 5 (liten kystfart) og skrog er i glassfiberarmert plast (GRP)/kompositt. LOA er 14,99 m.
Oppdragsgiver har utarbeidet tegninger som i stor grad vil være førende for rehabiliteringen av båten.
Fremdrift: Igangsettelse og ferdigstillelse så snart som mulig.",supplies,34500000,34000000; 34510000; 34512000; 34513000; 34520000; 34521000,8000000,NOK,open,2026-11-03+00:00,11:00:00+00:00,False,2026-10-27+00:00,11:00:00+00:00,Sandnes kommune,964965137,"Rådhusgata 1, 4306, Sandnes",Steven Mellum,+47 51336215,Steven.mellum@sandnes.kommune.no,1108,4306
2026-115219,https://doffin.no/notices/2026-115219,BME EØS 2026-15 Rammeavtale for drift av kommunale el-billadere i Bergen,"Bergen kommune ved Bymiljøetaten har behov for å inngå rammeavtale med én leverandør for drift og vedlikehold av kommunale el-billadere.

Anskaffelsen omfatter drift og vedlikehold av el-billadere og elektriske anlegg, som er tilknyttet ladestasjoner som Bymiljøetaten forvalter. Dette dreier seg om offentlige ladere på offentlig parkering, ladere forbeholdt bildeling og ladere tilknyttet boligsoneanlegg som Bymiljøetaten forvalter. ",services,65000000,65300000; 65320000; 31000000; 34000000; 34144900,4000000,NOK,open,2026-11-02Z,11:00:00.000Z,False,,,Bergen Kommune,964338531,"Rådhusgaten 10, 5014, Bergen","Amundsen, Heidi Teksle",+47 05556,hovedpostmottak@bergen.kommune.no,4601,5014
2026-115224,https://doffin.no/notices/2026-115224,,,,,,,,,,,,,,,,,,,,,
2026-115220,https://doffin.no/notices/2026-115220,Vektertjenester til tinghuset i Tromsø,"Oppdraget gjelder vektertjenester til tinghuset i Tromsø. Tinghuset i Tromsø ligger i
utkanten av sentrum, like ved Tromsøbrua. Tinghuset har lokaler i tre etasjer og sokkel, og har et bruksareal på ca. 5000 kvm og består av vrimlehall, 11 rettssaler, undervisningsrom, møterom, kantine, kontoravdelinger m.m. Det er ca. 60 ansatte i tinghuset i Tromsø, og antall besøkende anslås å være ca. 50-60 i gjennomsnitt pr. dag.",services,79713000,79710000; 79711000; 79715000,5500000,NOK,open,2026-11-06+00:00,11:00:00+00:00,False,2026-10-30+00:00,11:00:00+00:00,Domstoladministrasjonen,984195796,"Dronningens gate 2, 7011, TRONDHEIM",Petter Ihlebæk,+47 45500721,petter.ihlebak@inventura.no,5001,7011
2026-115225,https://doffin.no/notices/2026-115225,1263101 UiO HSH Fasaderehabilitering - Totalentreprise K202 Nye ventilasjonsaggregater,"Statsbygg ber i forbindelse med prosjekt: nr.: 1263101 UiO HSH Fasaderehabilitering

om tilbud på totalentreprise K202 Ventilasjonsaggregater

Denne totalentreprisen (K202) omfatter, i hovedsak, å erstatte eksisterende ventilasjonsaggregater med nye aggregater i teknisk rom på taket. I tillegg utbedres tekniske installasjoner i tilknytning til dette. Denne totalentreprisen (K202 ventilasjonsaggregater) vil bli tiltransportert Totalentreprenøren for fasaderehabiliteringen (K201 Fasaderehabilitering). Det må påregnes installasjon av nye ventilasjonsaggregater og igangkjøring sommeren 2027, da universitet har lav aktivitet i perioden mai-august.



Det vil bli avholdt en befaring for samtlige tilbydere tirsdag 13. oktober 2026 kl. 13:00 – 14:30 Forskningsveien 3, 0373 Oslo.

Kontrakten omfatter følgende opsjoner som omtalt i Kravspesifikasjonen:
Opsjon 1 Ny stigeforsyning til teknisk rom på tak
Opsjon 2 Rensing av ventilasjonskanaler",works,45000000,45200000; 45300000; 45331000; 45331200; 45331210; 45400000; 45443000; 71000000; 71321400,,,open,2026-11-05Z,11:00:00.000Z,False,,,Statsbygg,971278374,"Biskop Gunnerus' gate 6, 0155, Oslo","Pejby, Katarina Linnea",+47 22954000,postmottak@statsbygg.no,0301,0155
2026-115226,https://doffin.no/notices/2026-115226,Helhetlig risikostyring - Enterprise Risk Management system,"""Helhetlig risikostyring"" er Statnetts rammeverk for risikostyring på strategisk og taktisk nivå og tilsvarer i denne sammenhengen det engelske begrepet Enterprise Risk Management (ERM). Helhetlig risikostyring skal gi ledelsen oversikt over risikoer som kan påvirke måloppnåelse og vesentlige beslutninger, slik at disse kan håndteres gjennom prioriteringer, styringstiltak og oppfølging. Operasjonell risikostyring inngår i denne sammenhengen ikke som en del av hovedfokuset i den helhetlige risikostyringen.

Statnett skal anskaffe en ny teknisk løsning for helhetlig risikostyring. Avtalen gjelder løpende levering av helhetlige programvaretjenester over internett (SaaS), i tråd med behov formulert i vedlagt kravspesifikasjon, samt tilhørende implementering, integrasjoner, datamigrering, opplæring, forvaltning, vedlikehold og videreutvikling av løsningen i tråd med endringer i behov, rammebetingelser og nye måter å arbeide på.

Anskaffelsen inkluderer også en opsjon på målstyring. 

Ytterligere informasjon og krav til ytelsene som skal omfattes av kontrakten vil fremgå av SSA-L Bilag 1. 
",supplies,48400000,48170000; 72260000; 72268000,9000000.00,NOK,neg-w-call,2026-11-02+00:00,11:00:00+00:00,True,,,Statnett SF,962986633,"PB 4904 Nydalen, 0423, OSLO",Katrine Berntsen,+4798810040,katrine.berntsen@Statnett.no,0301,0484
2026-115221,https://doffin.no/notices/2026-115221,Anskaffelse miljø og renholdsbil Narvik kommune,Se konkurransegrunnlag,supplies,34144430,34144000; 34144400; 34144431,,,open,2026-11-04+00:00,22:59:59+00:00,False,2026-10-29+00:00,23:00:00+00:00,Narvik kommune,959469059,"Postboks 64, 8501, Narvik",Remi E Flått,+47 76 91 20 00,rae@narvik.kommune.no,1806,8514
2026-115230,https://doffin.no/notices/2026-115230,Oppsamlingsenheter for glass - og metallemballasje,"Renovasjons- og gjenvinningsetaten (REG) har pr. 01.06.2026 , 1067 frittstående oppsamlingsenheter for glass- og metallemballasje i forskjellige størrelser fordelt på  955  standplasser i Oslo kommune.  

Det skal nå gjennomføres anskaffelse av nye oppsamlingsenheter som et ledd i tiltak for å nå mengdemålet, og utskifting av eksisterende oppsamlingsenheter for Oslo Kommune.


Oppdragsgiver gjør oppmerksom på at estimert verdi er basert på historisk data/forventet fremtidig behov eller tilsvarende. Estimatene er kun retningsgivende og innebærer ingen forpliktelse for Oppdragsgiver.

",services,90000000,90500000; 90510000; 90511000; 90514000; 34000000; 34928480,16300000,NOK,open,2026-11-02Z,11:00:00.000Z,False,,,Oslo kommune v/ Renovasjons- og gjenvinningsetaten,923954791,"Haraldrudveien 20, 0581, Oslo",Didrik Greve Økland ,+47 21802180,postmottak@reg.oslo.kommune.no,0301,0581
2026-115231,https://doffin.no/notices/2026-115231,Hotell- og konferansetjenester,Hotell- og konferansetjenester til alle virksomheter i Asker kommune,services,55100000,,,,open,2026-11-02+00:00,08:00:58+00:00,False,2026-10-25+00:00,23:00:00+00:00,Asker kommune,920125298,"Postboks 353, 1372, Asker",Kristin Viker-Matheson,66 90 90 00,kristin.viker-matheson@asker.kommune.no,3203,1383
2026-115236,https://doffin.no/notices/2026-115236,Transport og sluttbehandling av matavfall fra HAF IKS,Anskaffelsens formål er å inngå kontrakt om kjøp av transport og sluttbehandling av inntil2 500 tonn matavfall årlig.Fullstendig beskrivelse av leveransen følger av vedlegg 1. Kravspesifikasjonen.,services,90500000,,,,open,2026-10-30+00:00,11:00:00+00:00,False,2026-10-20+00:00,10:00:00+00:00,Helgeland Avfallsforedling IKS,971140496,"Nordre gate 23, 8622, Mo i Rana",Simon Hanssen,+47 75198200,simon@haf.no,1833,8622
2026-115237,https://doffin.no/notices/2026-115237,Totalentreprise for Brannstasjon Sør,"Formålet med denne anskaffelsen er å etablere en ny brannstasjon i Oslo Sør som skal erstatte dagens Kastellet brannstasjon og styrke beredskapsdekningen i sør-østre del av Oslo. Etter gjennomført mulighetsstudie og utredninger er det besluttet at brannstasjonen skal etableres i Ljabruveien 125. Adressen tilhører del av gnr. 186 bnr. 1, en ubebygd del av tomten som ble regulert til formålet i 1991.

Brannstasjonen skal dimensjoneres for 40 ansatte inkludert 10 mannskaper i døgnberedskap, med seks oppstillingsplasser for brannbiler i garasje (vognhall), samt lagerarealer og vaskehall. I tillegg vil det være garderobefasiliteter, tekniske arealer, kontorarealer, treningsarealer, hvilerom og oppholdsarealer.",works,45000000,45216000; 45216121; 45210000,,,open,2026-11-27Z,11:00:00.000Z,False,,,Oslo kommune v/ Oslobygg KF,924599545,"Postboks 6391 Etterstad, 0604, Oslo",Ole Eliesen,+47 21802180,postmottak@obf.oslo.kommune.no,0301,0663
2026-115238,https://doffin.no/notices/2026-115238,Rammeavtale for kjemikalier og forbruksmateriell,"Høgskulen på Vestlandet skal inngå rammeavtale med en eller flere leverandør(er) for levering av kjemikalier og tilhørende forbruksmateriell, som skal benyttes i undervisning og forskning ved oppdragsgivers laboratorier.",supplies,24000000,,,,open,2026-11-06+00:00,11:00:58+00:00,False,2026-10-29+00:00,23:00:00+00:00,Høgskulen på Vestlandet,917641404,"Pb. 7030, 5020, Bergen",Frida Eikrem Aarset,55 58 58 00,feaa@hvl.no,4601,5063
2026-115239,https://doffin.no/notices/2026-115239,"26205 (2026-124) Kontor og skolemateriell, rammeavtale","Konkurransen gjelder rammeavtale på levering av kontor og skolemateriell.

Deltagere i anskaffelsen: Kommunene Eidsvoll, Gjerdrum, Hurdal, Nannestad, Nes og Ullensaker.

Anskaffelsens verdi anslås til: NOK 4.100.000,- eks. mva per år. Maksimalverdi for hele avtaleperioden, inkludert eventuelle opsjoner og forventet prisstigning: NOK 25.000.000,- eks mva. Behovet er usikkert. Volumet kan variere både opp og ned, og vil i avtaleperioden være avhengig av blant annet oppdragsgivers behov, aktiviteter, budsjettsituasjon og andre rammefaktorer.

For nærmere informasjon viser vi til anskaffelsesdokumentene.

Lærlinger: Oppdragsgiver har vurdert anskaffelsen opp mot anskaffelsesloven § 5h, og konkludert med at det ikke stilles krav til lærlinger i denne anskaffelsen da anskaffelsen er en vareanskaffelse, jf. anskaffelsesloven § 5h 1. ledd.",supplies,30197000,30192000; 30191000; 30192700; 22000000; 22830000; 30199000; 30199700; 30000000; 30190000,16400000,NOK,open,2026-11-03Z,11:00:00.000Z,False,,,Innkjøpskontoret AS,912467198,"Nygata 2, 3189, HORTEN",Elisabeth Gundersen,+47 99721995,post@innkjopskontoret.no,3901,3189
2026-115240,https://doffin.no/notices/2026-115240,,,,,,,,,,,,,,,,,,,,,
2026-115241,https://doffin.no/notices/2026-115241,Markedsdialog - Ny hovedbrannstasjon i Ullensaker kommune,"Markedsdialog – Ny hovedbrannstasjon i Ullensaker kommune
Ullensaker kommune inviterer aktuelle entreprenører til markedsdialog i forbindelse med den kommende anskaffelsen av ny hovedbrannstasjon for Øvre Romerike Brann og Redning IKS. Anskaffelsen planlegges gjennomført som totalentreprise etter NS 8407.
Formålet med markedsdialogen er å informere om prosjektet og innhente innspill til konkurransegrunnlaget før kunngjøring av konkurransen.
Tidspunkt: Tirsdag 20. oktober 2026 kl. 13:00
Program:
•                    Kl. 13:00–14:00: Felles orientering om prosjektet og planlagt anskaffelse.
• Fra kl. 14:00: Individuelle dialogmøter med leverandører som ønsker dette.
Leverandører som ønsker å delta på markedsdialogen og/eller gjennomføre et individuelt møte bes melde sin interesse innen fredag 16. oktober 2026 kl. 16:00 til:
jan-roy.williams@ullensaker.kommune.no
 
Ved påmelding bes følgende oppgitt:
•                    Firmanavn
• Kontaktperson
• E-post og telefonnummer
• Si i fra om du/dere ønsker et individuelt møte
Deltakelse i markedsdialogen er frivillig og gir ingen konkurransefordeler i den senere anskaffelsesprosessen. Relevant informasjon fra dialogen vil bli gjort tilgjengelig for alle potensielle tilbydere.
Oppdragsgiver: Ullensaker kommune
Anskaffelse: Ny hovedbrannstasjon, totalentreprise NS 8407 


Formålet med markedsdialogen er å informere om prosjektet og innhente innspill til konkurransegrunnlaget før kunngjøring av konkurransen.
Tidspunkt: Tirsdag 20. oktober 2026 kl. 13:00
Program:
• Kl. 13:00–14:00: Felles orientering om prosjektet og planlagt anskaffelse.
• Fra kl. 14:00: Individuelle dialogmøter med leverandører som ønsker dette.",works,45000000,45216121,,,,,,False,,,Ullensaker kommune,933649768,"Furusetgt. 12, 2050, Jessheim",Hans Jørgen Eek,+47 66 10 80 00,Hans.Jorgen.Eek@orik.no,3209,2050
2026-115263,https://doffin.no/notices/2026-115263,2026/21543 - Rammeavtale for kjøp av kontor- og helsemøbler,"Bodø med tilhørende driftsenheter og kommunale foretak har behov for å etablere rammeavtaler for suppleringskjøp av møbler. Formålet med anskaffelsen er å sikre oppdragsgivers behov for kontor- og helsemøbler av god kvalitet, og på en kostnadseffektiv, miljø- og samfunnsmessig forsvarlig måte.  Rammeavtalene skal understøtte kommunens behov ved løpende utskifting og supplering av møbler i ulike typer virksomheter, herunder helse- og omsorgsinstitusjoner, kontorbygg og øvrige kommunale lokasjoner.For å sikre god tilgang på møbler innenfor ulike kategorier, er konkurransen inndelt i følgende to delkontrakter:Delkontrakt 1: KontormøblerDelkontrakt 2: HelsemøblerLeverandører kan gi tilbud på én eller begge delkontraktene.Rammeavtalene vil omfatte suppleringskjøp innen relevante produktområder for hver delkontrakt. Omfanget inkluderer, men er ikke begrenset til, møbler for administrasjon, arbeidsplasser, møterom, fellesarealer, pasient- og beboerrom, samt øvrige institusjons- og tjenestelokaler.For ytterligere informasjon om anskaffelsens omfang og innhold, se kontrakten inklusive kravspesifikasjon.",supplies,39100000,39000000; 39112000; 39120000; 39121000; 39130000; 39143200; 39143210; 39143300; 39143310; 39150000; 39151000; 39153000,,,open,2026-10-20+00:00,10:00:00+00:00,False,2026-10-12+00:00,10:00:00+00:00,Bodø Kommune,972418013,"Kongens gt. 23, 8006, BODØ",Fredrik Tennøy,+47 75555000,fredrik.tennoy@inventura.no,1804,8006
2026-115264,https://doffin.no/notices/2026-115264,Artroskopi forbruksmateriell til helseforetakene i  Helse Nord,Anskaffelsen tar sikte på å opprette avtaler for artroskopi forbruksmateriell for helseforetakene tilknyttet Helse Nord.,supplies,33000000,33141700,26500000.00,NOK,open,2026-11-11Z,10:00:00Z,False,,,SYKEHUSINNKJØP HF,916879067,"9811, Vadsø",,78950700,post@sykehusinnkjop.no,5607,9800
2026-115265,https://doffin.no/notices/2026-115265,"Rammeavtale Maler- og byggtapetserertjenester med tilhørende materiell, Vestre Viken HF",Det skal anskaffes Maler- og byggtapetserertjenester  til Vestre Viken HF. Anskaffelsen er delt inn i fire delkontrakter/leveranseområder.  Leverandøren kan velge å gi tilbud på ett eller flere delkontrakter/leveranseområder. Det er et absolutt krav at inngitt tilbud må omfatte hele bygningsmassen tilhørende det enkelte leveranseområde. Se Bilag 2 Kravspesifikasjon og Bilag 1 Prisskjema for nærmere beskrivelse.,services,50000000,45432210; 45442110; 45432200; 45432220; 45440000; 45432100; 45442100,10000000.00,NOK,open,2026-10-07Z,10:00:00Z,False,,,SYKEHUSINNKJØP HF,916879067,"9811, Vadsø",,78950700,post@sykehusinnkjop.no,5607,9800
2026-115266,https://doffin.no/notices/2026-115266,Kar- og thoraxkirurgi - forbruksmateriell til helseforetakene i Norge,Sykeshusinnkjøp HF skal på vegen av helseforetakene i Norge etablere rammeavtaler på Kar- og thoraxkirurgi - forbruksmateriell.,supplies,33000000,33100000; 33123000; 33124000; 33141200; 33141210; 33141240; 33182300; 33184100; 33184200; 33184500; 42131292,380000000.00,NOK,open,2026-10-19Z,10:00:00Z,False,,,SYKEHUSINNKJØP HF,916879067,"9811, Vadsø",,78950700,post@sykehusinnkjop.no,5607,9800
2026-115267,https://doffin.no/notices/2026-115267,Konsulentbistand teknisk modernisering av utbetalingsområdet i Nav,"Nav forvalter store beløp i samfunnet, og utbetaling av ytelser er avgjørende for at velferdssamfunnet fungerer. Utbetaling av ytelser er en samfunnskritisk oppgave for blant annet å sikre livsopphold, og er en avgjørende del av verdikjeden for alle ytelser Nav leverer.Det er behov for å gjennomføre en teknisk modernisering av løsningene på utbetalingsområdet for å understøtte denne delen av Navs samfunnsoppdrag. Nav skal etablere et prosjekt som skal ha ansvar for moderniseringen. Arbeids- og velferdsetaten inviterer til konkurranse om konsulentavtaler for å dekke Navs behov for kompetanse og kapasitet for å gjennomføre prosjektet.
Frist for vedståelse av tilbudet er 3 måneder etter tilbudsfrist.",services,72230000,72222300; 72224000; 79100000; 72220000; 72000000; 72230000; 72300000; 79421000; 72254100; 72254000; 79140000,680000000,NOK,restricted,2026-10-12Z,08:00:00Z,True,,,ARBEIDS OG VELFERDSETATEN,889640782,"8601, Mo i Rana",,91323054,unn.irene.lothe@nav.no,0301,0661
2026-115268,https://doffin.no/notices/2026-115268,Anskaffelse av vifter til tunnel,"Det skal kjøpes inn 116 vifter til tre ulike tunneler på vestlandet.

E39 Lyderhorntunnelen - 28 stk

E39 Byfjordtunnelen - 43 stk

E39 Mastrafjordtunnelen - 45 stk

Viftene skal monteres av oppdragsgivers entreprenør i området. Vi har delt opp leveransen i tre del leveranser for mulighet for raskere levering.",supplies,39717100,39714100,35000000,NOK,open,2026-10-19Z,13:00:00.000Z,False,,,Statens vegvesen,971032081,"Innspurten 11C, 0663, Oslo",Anders Stedding Kristiansen,+47 22073000,firmapost@vegvesen.no,0301,0663
2026-115192,https://doffin.no/notices/2026-115192,"Rammeavtale for service, vedlikehold og rådgivning innen kulde- og varmepumpeteknikk","Oslobygg eier og forvalter og drifter et større antall isanlegg i Oslo, porteføljen består av ishaller og utendørs isflater og andre kuldetekniske installasjoner forbundet med Oslobygg KF. Ishallene og isflatene er i hovedsak leid ut til etater og virksomheter i Oslo kommune. Hvilke anlegg som er i drift, vil variere igjennom sesongen og året.

Oslobygg KF skal inngå rammeavtale med én leverandør for service og vedlikehold på/av kulde- og varmepumpetekniske anlegg; herunder også rådgivning tilknyttet disse. Oppdragsgivers portefølje på området omfatter isanlegg av varierende grad og størrelse samt også enkelte andre anlegg. . Porteføljen består av blant annet co2-, freon- og amoniakkanlegg.

Rammeavtalen skal dekke Oslobygg KF sitt samlede behov for Kulde- og Varmepumpetekniske tjenester i en kontraktsperiode på 4 år.",supplies,42513000,50730000; 42000000; 42500000; 42511110; 42513100; 42530000; 42532000; 42533000; 92000000; 92610000; 45331230,40000000,NOK,open,2026-10-20Z,10:00:00.000Z,False,,,Oslo kommune v/ Oslobygg KF,924599545,"Postboks 6391 Etterstad, 0604, Oslo",Ole-Einar Vean,+47 21802180,postmottak@obf.oslo.kommune.no,0301,0663
2026-115208,https://doffin.no/notices/2026-115208,Totalentreprise dobbelthall Vennesla,"Vennesla kommune skal etablere ny dobbelthall i Skolevegen. Prosjektet omfatter to separate enkelthaller (dobbelthall) og skal omfatte blant annet sosialt rom til Vennesla skole, familie- og HC-garderober, badstue i tilknytning til svømmehallen, samt universelt utformede publikums- og fellesarealer.",works,45212200,45000000; 45111000; 45210000,155000000,NOK,open,2026-11-20+00:00,11:00:00+00:00,False,,,Vennesla kommune,936846777,"Postboks 25, 4701, Vennesla",Ida Foss,+47 97693727,ida@odinprosjekt.no,4223,4700
2026-115209,https://doffin.no/notices/2026-115209,Bistand til utvikling av en ny webbasert versjon av IKT-læremiddelet Sarepta,"Statped har behov for bistand til å utvikle en ny webbasert versjon av IKT-læremiddelet Sarepta. Bistanden omfatter utvikling av funksjonalitet som i dagens Sarepta ligger i modulene Tekst og Billedbok. Den nye løsningen skal videreføre sentral funksjonalitet og pedagogiske prinsipper fra dagens Sarepta, samtidig som den etableres på en moderne og fremtidsrettet teknisk plattform. 

Løsningen skal være en webapplikasjon og publiseres som åpen kildekode. Det skal legges til rette for at løsningen kan forvaltes og videreutvikles av Statped etter at bistanden er avsluttet. 

Statped har til hensikt å inngå kontrakt med én leverandør.  

Nærmere beskrivelse av bistanden og kravene til den nye løsningen følger av SSA-B Bilag 1 («Kundens beskrivelse av bistanden»), med utfyllende beskrivelse av Sarepta i bilagets Vedlegg 1 («Bruksanvisning Sarepta»).   

Anskaffelsen av bistand til utvikling av ny webbasert versjon av Sarepta (grunnleveransen) har en estimert maksimalramme på 2,0 millioner kroner ekskl. mva. Anslaget er ikke å anse som forpliktende for Statped.  

Statped forbeholder seg samtidig retten til, ved eventuelle senere behov, å bestille tilleggsleveranser i form av videreutvikling eller nye moduler og funksjoner underveis i prosjektet. Slike leveranser vil i så fall komme i tillegg til grunnleveransen og kan avtales ved endringsavtale.",services,72000000,72200000; 72211000; 72212000,2000000,NOK,open,2026-10-09+00:00,10:00:00+00:00,False,2026-09-24+00:00,22:00:00+00:00,STATPED,998554640,"Gamle Hovsetervei 3, 0768, OSLO",Hedda Mæstad,+47 47251766,hedda.maestad@cms-kluge.com,0301,0768
2026-115210,https://doffin.no/notices/2026-115210,,,,,,,,,,,,,,,,,,,,,
2026-115178,https://doffin.no/notices/2026-115178,Brannalarm- nød- og ledelyssystemer (vedlikehold),"Rammeavtalen skal dekke brannalarmanlegg (omfatter alarmorganisering) og nødlys og ledesystemer i forbindelse med akutte utbedringsarbeider, planlagte vedlikeholdsarbeider og mindre rehabiliteringsprosjekter.

Eiendommer kan bli lagt til eller tatt ut av rammeavtalen i løpet av kontraktsperioden, og årsaken til dette kan for eksempel være nybygg, rehabilitering og rivning. Nye anlegg som kommer inn i rammeavtalen skal ha samme betingelser.

Rammeavtaleleverandørene vil bli tildelt en fast portefølje. Dog kan dette avvikes ved endrede behov for både Oppdragsgiver og leverandør.",works,45312000,45312100; 50413200; 50000000; 71317100; 31625200; 31625100; 31620000,400000000,NOK,open,2026-10-31Z,22:59:00.000Z,False,,,Oslo kommune v/ Oslobygg KF,924599545,"Postboks 6391 Etterstad, 0604, Oslo",Niels Fredrik Brandvol Hohle,+47 21802180,postmottak@obf.oslo.kommune.no,0301,0663
2026-115181,https://doffin.no/notices/2026-115181,Trykkeritjenester,"Universitetet i Agder skal inngå avtale med en leverandør som kan levere trykkeritjenester som produksjon av kataloger, brosjyrer, plakater, postere, programmer og annet trykt materiell som universitetet har behov for. 

Vi ønsker en samarbeidspartner som har god kompetanse og erfaring med å produsere trykksaker av høy kvalitet samt innehar produksjonskapasitet til å levere til riktig tid.",services,79800000,22140000; 22150000; 22160000,,,open,2026-11-04+00:00,11:00:58+00:00,False,2026-10-26+00:00,23:00:00+00:00,Universitetet i Agder,970546200,"PB 422, 4604, Kristiansand",Geir Stokke,38 14 10 00,geir.stokke@uia.no,4204,4630
2026-115185,https://doffin.no/notices/2026-115185,Holdeplassrenhold og grøntvedlikehold til Bybanen AS,"Bybanen AS har til hensikt å inngå en kontrakt med egnet leverandør om holdeplassrenhold og grøntvedlikehold til Bybanen AS, herunder om skjøtsel av arealer knyttet til banelegemet. Oppdraget vil omfatte drifts- og vedlikeholdsoppgaver, med funksjonsansvar for noen av oppgavene, for banelegemet med tilhørende sideanlegg, sideområder, utstyr og installasjoner i Bergen kommune.",services,90000000,45112730; 77000000; 77310000; 90610000; 90900000; 90910000,15000000,NOK,open,2026-11-03+00:00,11:00:58+00:00,False,2026-10-25+00:00,23:00:00+00:00,Bybanen AS,977511402,"Kokstadflaten 59, 5257, KOKSTAD",Lina Halling,+47 552 39 000,lina.halling@inventura.no,4601,5257
2026-115190,https://doffin.no/notices/2026-115190,Anskaffelse av Forbruksmateriell for renhold nr. 3 2026,Anskaffelsens formålVågan Kommune inviterer til åpen anbudskonkurranse om rammeavtale på levering av forbruksmateriell for renhold.Estimert innkjøp pr. år er fra kr.1 100 000 – 1 500 000.- på forbruksmateriell innen renhold. Det skal inngås en kontrakt for hele kommunen. Avtalen skal gjelde i 24 mnd.  med opsjon på forlengelse på (1+1) år.Vedlegg 2 til konkurransegrunnlaget er prisskjema. Prisskjema består av en side for forbruksmateriell. Les sidene med forklaringer nøye.,supplies,39830000,18930000; 33761000; 33772000; 39525800; 39800000; 39831000; 39831240,5000000.00,NOK,open,2026-10-30+00:00,11:00:00+00:00,False,2026-10-23+00:00,10:00:00+00:00,Vågan Kommune,938644500,"Storgata 29, 8300, SVOLVÆR",Magne Haslevang,+47 75420139,magne.haslevang@vagan.kommune.no,1865,8300
2026-115191,https://doffin.no/notices/2026-115191,26/02714 Deling av journaldokumenter fra avtalespesialister - Norsk helsenett SF,"Norsk helsenett SF (NHN) er eid av Helse- og omsorgsdepartementet og leverer tjenester for samhandling, infrastruktur samt innbyggertjenester gjennom Helsenorge.Gjennom Digital samhandling og mandat for Pasientens journaldokumenter har de regionale helseforetakene fått i oppdrag fra Helse- og omsorgsdepartementet å legge til rette for at avtalespesialister kan dele journaldokumenter gjennom sine fagsystemer. RHF-ene har bedt NHN bistå med å etablere leverandørstøtte for deling og lesing av journaldokumenter via NHN dokumentlager.",services,72212211,72212213; 72212215; 72212700; 72220000; 72260000; 72600000,12000000.00,NOK,open,2026-11-03+00:00,11:00:00+00:00,False,2026-10-22+00:00,10:00:00+00:00,Norsk Helsenett SF,994598759,"Abels gate 9, 7030, TRONDHEIM",Avdeling anskaffelser,+47 24200000,anskaffelser@nhn.no,5001,7030
2026-115187,https://doffin.no/notices/2026-115187,Behandling av ødelagte klær og tekstiler,"Konkurransen gjelder sortering og videre håndtering av tekstilavfall til forberedelse til ombruk og materialgjenvinning.

Deltagere i anskaffelsen: Hvaler kommune, Fredrikstad kommune, FREVAR KF, Rakkestad kommune, Sarpsborg kommune og MOVAR IK

Anskaffelsens verdi anslås til: NOK 8.000.000,- eks. mva. Volumet er et estimat og er ikke bindende for oppdragsgiver.

For nærmere informasjon viser vi til anskaffelsesdokumentene.

Oppdragsgiver har vurdert anskaffelsen opp mot anskaffelsesloven § 5h, og konkludert med at det ikke stilles krav til lærlinger i denne anskaffelsen da kontraktens hovedelement ikke omfatter arbeider der det er relevant å benytte arbeidskraft med fag- eller svennebrev, jf. anskaffelsesloven § 5h 2. ledd bokstav c.",services,90000000,90511000; 90514000,8000000,NOK,open,2026-11-03+00:00,11:00:58+00:00,False,2026-10-22+00:00,22:00:00+00:00,Rakkestad kommune,945372281,"Rådhusveien 8, 1890, Rakkestad",Andrea Hagen,+47,andrea@innkjopskontoret.no,3120,1890
2026-115202,https://doffin.no/notices/2026-115202,Mikromobilitet Byvekstområdet utenfor Trondheim,"AtB AS er et mobilitetsselskap som har ansvar for å planlegge, anskaffe, drifte, utvikle og markedsføre et framtidsrettet mobilitetstilbud for hele Trøndelag. AtB er ikke selv operatørselskap, men kjøper transporttjenester av flere transportselskaper som utfører den daglige driften. I tillegg til ordinær rutetransport har AtB ansvaret for skolekjøring i Trøndelag, samt bestillingstransport. AtB er registrert som aksjeselskap, hvor 100 % av aksjene eies av Trøndelag fylkeskommune.AtB jobber hver dag med å skape gode brukeropplevelser innen mobilitet og hele reisen fra A til B. AtBs viktigste oppgave er å legge til rette for smidige, sømløse reiser tilpasset ulike behov og reisemønster. Det betyr å sikre god drift og tilpasning av det etablerte mobilitetstilbudet i Trøndelag, med buss, trikk, hurtigbåt, ferge og drosje, i tillegg til å inkludere nye aktuelle mobilitetsløsninger som får folk fra A til B. AtB utvikler også egne digitale løsninger i samarbeid med EnTur og kollektivbransjen.",services,50100000,34400000; 50110000,,,open,2027-10-29+00:00,10:00:00+00:00,False,,,AtB AS,994686011,"Prinsens gate 39, 7011, TRONDHEIM",Avdeling Kontrakt,+47 02820,anbud@atb.no,5001,7011
2026-115176,https://doffin.no/notices/2026-115176,Liknes torg,"Kvinesdal kommune planlegger å etablere en ny, oppgradert torgløsning i Kvinesdal sentrum, med scene/amfi, takoverbygg, lekeområde, møteplasser, beplantning og gate/parkering. I tillegg tenkes noen av sentrumsgatene 
oppgraderes, og va-ledninger skiftes ut. 
Prosjektområdets omfang er anslått til å være ca. 6 900 m2. 
Fagområdene som omfattes er: Vei- og grunnarbeider, landskapsutforming, betongarbeider, tømrer-,
mur-, elektro- og va-arbeider, montasje av trekonstruksjoner og riving og miljøsanering.

Kontrakten er en utførelsesentreprise. Arbeidene er organisert som en generalentreprise.

Leveransen reguleres av kontraktbestemmelsene i NS 8405 og spesielle bestemmelser i kontraktsgrunnlaget.
Frist for ferdigstillelse er ca. 12 mnd.. etter inngått kontrakt.",works,45220000,45112710; 45112720; 45232150; 45233222,53000000,NOK,neg-w-call,2026-11-09+00:00,11:00:00+00:00,True,2026-10-30+00:00,11:00:00+00:00,Kvinesdal kommune,964 964 076,"Nesgata 11, 4480, Kvinesdal",Glenn Omland,+47 95826400,glenn.omland@kvinesdal.kommune.no,,
2026-115111,https://doffin.no/notices/2026-115111,Prekvalifisering for konkurranse om rammeavtale for utvikoing og vedlikehold av Fellestjenester plan og bygg,"Anskaffelsens formål er å inngå kontrakt om kjøp av utviklings- og vedlikeholdstjenester knyttet til Fellestjenster PLAN og BYGG.Det skal inngås rammeavtale med én leverandør. En beskrivelse av anskaffelsen, dens formål og omfang finnes i oppdragsgivers KGV (Mercell).",services,72000000,48000000,100000000.00,NOK,comp-dial,2026-11-03+00:00,11:00:00+00:00,True,2026-10-22+00:00,22:00:00+00:00,Direktoratet for byggkvalitet,972417858,"Mariboesgate 13, 0183, Oslo",Olaug Hana Nesheim,93056635,ohn@dibk.no,0301,0180
2026-115112,https://doffin.no/notices/2026-115112,Anskaffelse av digitalt karleggingsverktøy for skolemiljø,"Trondheim kommune gjennomfører konkurransen elektronisk via Mercell portalen. Dette dokumentet beskriver hvordan prosessen gjennomføres.Informasjon beskrevet i Mercell, som kvalifikasjonskrav, krav og tildelingskriterer, vil med noen unntak ikke bli gjentatt i konkurransereglene, og inngår som en del av konkurransegrunnlaget.Leverandør er ansvarlig for å sikre at informasjon registrert i Mercell under konkurranseperioden, endringer av frister, tilleggsinformasjon med mer, blir distribuert til de som skulle ha behov for dette.",services,72000000,48000000; 80100000,,,open,2026-11-03+00:00,11:00:00+00:00,False,2026-10-27+00:00,11:00:00+00:00,Trondheim kommune,942110464,"Erling Skakkes gate 14, 7004, TRONDHEIM",Roar Næss,+47 72540000,roar.nass@trondheim.kommune.no,5001,7013
2026-115113,https://doffin.no/notices/2026-115113,,,,,,,,,,,,,,,,,,,,,
2026-115114,https://doffin.no/notices/2026-115114,Anskaffelse av verktøy for konkurransegjennomføring og kontraktsadministrasjon/ - forvaltning (KGV/KAV),"Politiets fellestjenester (PFT), heretter kalt oppdragsgiver, skal inngå avtale for verktøy for konkurransegjennomføring og kontraktsadministrasjon/-forvaltning (KGV/KAV). Nærmere angivelse av hvem avtalen gjelder for, herunder hvem som er å anse som Kunde iht. avtalen, følger av avtalens bilag 1 punkt 2.

Fullstendig beskrivelse av anskaffelsen og leveransen følger av kontrakt med bilag, samt øvrig informasjon publisert gjennom vårt konkurransegjennomføringsverktøy (KGV) fra Mercell (tidligere EU-Supply).

Anskaffelsen skal dekke Kundens behov for en helhetlig tjeneste innen konkurransegjennomføring (KGV) og kontraktsadministrasjon (KAV), med god funksjonalitet og tilhørende tjenester.

Tjenesten skal støtte hele anskaffelsesprosessen fra gjennomføring av markedsundersøkelser, kunngjøring, tilbudsinnlevering, kontraktsignering og støtte til kontraktsoppfølging og -forvaltning frem til en kontrakt er avsluttet, samt sikre etterlevelse av lov og forskrift om offentlige anskaffelser (LOA/FOA), jf punkt 4.2 og 4.6.
Tjenesten skal leveres som en Software as a Service (SaaS) skytjeneste, tilgjengelig via nettleser uten behov for lokal installasjon, og med løpende drift og vedlikehold, brukerstøtte, oppdateringer og sikkerhetselementer inkludert. 

Anskaffelsen omfatter også opplæring av Kundens brukere. Krav til opplæring er nærmere beskrevet i bilag 1 punkt 5.7, samt bilag 3 Plan for etableringsfasen punkt 5.

Kunden har i bilag 1 vedlegg 1 Kundens kravtabell oppstilt krav til tjenesten. Alle krav til etableringsfasen fremkommer av bilag 3 Plan for etableringsfasen, og alle krav til tjenestenivå fremkommer av bilag 4 Tjenestenivå.",services,72000000,48000000; 48100000; 48200000; 48210000; 48219000; 48219300; 48300000; 48310000; 48311000; 48490000; 72200000; 72212000; 72212400; 72212490; 72260000; 72261000; 72263000; 72265000; 72267100; 72268000; 72300000,40000000,NOK,neg-w-call,2026-10-30+00:00,11:00:00+00:00,True,,,Politiets fellestjenester,974761157,"Fridtjof Nansens vei 14, 0369, OSLO",Jenny Forsberg,+47 61318000,post.fellestjenester@politiet.no,3446,2770
2026-115117,https://doffin.no/notices/2026-115117,Rammeavtale for filmproduksjon,"Domstoladministrasjonen (DA) skal inngå rammeavtale med én leverandør innen filmproduksjon. DA har behov for en leverandør som kan bistå med rådgivning, kommunikasjon og filmproduksjon som understøtter kompetansearbeidet i Norges domstoler (domstolene og Domstoladministrasjonen). 

Domstoladministrasjonen ønsker en samarbeidspartner som har filmfaglig kompetanse innen produksjon av film som virkemiddel til bruk i læring og kompetanseutvikling.",services,92111000,44176000; 92100000; 92111250; 92112000,10000000,NOK,neg-w-call,2026-10-30+00:00,11:00:00+00:00,True,,,Domstoladministrasjonen,984195796,"Dronningens gate 2, 7011, TRONDHEIM",Sivert Kvalheim Beyer,+47 46920511,sivert.kvalheim.beyer@inventura.no,5001,7011
2026-115119,https://doffin.no/notices/2026-115119,Veivavangen skole og flerbrukshall - generalentreprise for oppgradering av Nedbergkollveien og etablering av gang- og sykkelvei,I forbindelse med oppføring av nye Veiavangen ungdomsskole skal det bygges gang- og sykkelvei. Det er i reguleringsplanen satt krav til opparbeidelse av GS-vei og støyskjerm langs Nedbergkollveien. Dette er rekkefølgekrav til nye Veiavangen skole. Intensjonen er åskape trygg skolevei.,works,45000000,45220000; 45232000; 45233300; 45233320,,,open,2026-10-30+00:00,11:00:00+00:00,False,2026-10-20+00:00,10:00:00+00:00,Drammen Eiendom KF,876820722,"Hans Kiærsgata 1E, Postboks 450, Brakerøya, 3002, Drammen",Kjersti Johansen,+47 32043000,kjersti.johansen@drammen.kommune.no,3301,3041
2026-115115,https://doffin.no/notices/2026-115115,Leie og vasking av GMP klassifisert renromsutstyr til Oslo universitetssykehus HF,"Anskaffelsens formål er Leie og vasking av GMP klassifisert rentromsutstyr. Antatt verdi er estimert til 5.200.000 NOK eks mva over 4 år. Maksimal verdi er satt til 7.200.000 NOK eks mva.  Oppgitt forbruk/omfang er et estimat for informasjon til tilbyder, og er ikke bindende for fremtidig avtalevolum. Se Kravspesifikasjon og Prisskjema for nærmere beskrivelse. ",supplies,18100000,18114000,5200000.00,NOK,open,2026-11-01Z,23:00:00Z,False,,,SYKEHUSINNKJØP HF,916879067,"9811, Vadsø",,78950700,post@sykehusinnkjop.no,5607,9800
2026-115122,https://doffin.no/notices/2026-115122,Gjemnes sykehjem - sykehussenger og hjelpemidler,"Nytt sykehjem i Gjemnes Kommune beliggende i Batnfjordsøra har vært under bygging siden våren 2025. Sykehjemmet inneholder 44 beboerrom fordelt på 5 avdelinger. Hver avdeling vil ha egen dagstue. Sykehjemmet vil ha eget dagsenter, treningsrom, produksjonskjøkken samt eget sermonirom. Denne anskaffelsen omfatter innkjøp av institusjonssenger/sykehussenger for bruk ved Gjemnes sykehjem, samt diverse andre møbler/utstyr til medisinsk bruk. Anskaffelsen er delt inn i to ulike delkontrakter. Leverandørene kan inngi tilbud på én eller begge delkontrakter.Delkontrakt 1 – SykehussengerDelkontrakt 2 – Hjelpemidler",supplies,33192120,33192000; 33196000; 33100000; 33190000; 33192120,,,open,2026-10-26+00:00,11:00:00+00:00,False,2026-10-19+00:00,10:00:00+00:00,Gjemnes kommune,964981426,"Kommunehuset, 6631, BATNFJORDSØRA",Dordi Storvik,+47 71291111,dordi.merete.storvik@ramboll.no,1557,6631
2026-115121,https://doffin.no/notices/2026-115121,Generativ kunstig intelligens og endringer i videregående skole,"Våren 2023 lanserte regjeringen og KS en felles strategi for digital kompetanse og infrastruktur i barnehage og skole (2023-2030)[1] (heretter; Strategien). Strategien peker på at det er behov for mer forskning og kunnskap om hvordan digitale løsninger brukes i barnehagen og skole, og hvilken pedagogisk verdi de gir. Det er også behov for kunnskap om ansattes kompetanse og deling av digitale praksiser. Et av tiltakene i Strategien er «å opprette et målrettet forskningsprogram på tema for og om digitalisering og digital kompetanse i sektor». Strategien formidler et ønske om at forskningsprogrammet skal gi bedre og mer systematisk kunnskap om god, forsvarlig og hensiktsmessig bruk av digitale løsninger og medier i skolen. Et av tiltakene i Strategien er å utvikle forskningsbasert kunnskap om hensiktsmessig utvikling av undervisnings- og vurderingspraksiser i lys av de endringene generativ kunstig intelligens (GenKI) medfører for utdanningssystemet.  Oppdraget med å etablere forskningsprogrammet ble gitt til Udir fra KD våren 2024. Forskningsprogrammet for digitalisering og digital kompetanse i barnehage og skole ble igangsatt høsten 2024.",services,73110000,73100000; 73300000,10000000.00,NOK,neg-w-call,2026-10-30+00:00,11:00:00+00:00,True,,,Utdanningsdirektoratet,970018131,"Schweigaardsgate 15b, 0135, OSLO",Jostein  Knutsen,+47 95752714,jostein.knutsen@udir.no,0301,0191
2026-115123,https://doffin.no/notices/2026-115123,Ombygg og påbygg - Veas administrasjonsbygg,"Anskaffelsens formål er å inngå kontrakt om å oppgradere administrasjonsbygget i form av to etasjers påbygg og ombygging/oppussing av eksisterende tre etasjer. Fullstendig beskrivelse av leveransen følger av kravspesifikasjonen (Vedlegg 1).

 

Oppdraget utføres som en generalentreprise.

 

Påbygg i 4. etasje skal inneholde laboratorium og kontorlandskap. Påbygg i 5. etasje inneholder kantine, møterom og auditorium.

 

Kjelleretasjen skal få utvidet garderobekapasitet, ny rømningsvei og ny toalett- og våtromsløsning. 1. og 2. etasje skal moderniseres til nytt kontorlandskap i tillegg til nye toalett- og våtrom.

 

Det skal også bygges ventilasjonsaggregater over eksisterende verkstedbygning i tillegg til noe utomhusarbeider.

 

Veas skal driftes i eksisterende lokaler under ombyggingen.",works,45000000,45200000; 45210000; 45214610; 45262700; 45262000; 45262800,75000000,NOK,neg-w-call,2026-10-30Z,11:00:00.000Z,True,,,Veas Selvkost AS,920171540,"Bjerkåsholmen 125, 3470, Asker",Emilie Aamodt Johnsen,+47 98208600,veas@veas.nu,3203,3470
2026-115124,https://doffin.no/notices/2026-115124,TMS HHT og MDM som tjeneste,"Leveranse av TMS, HHT og MDM som tjeneste, herunder tilhørende tjenester, eksempelvis mobil konnektivitet/SIM",services,64200000,32250000,,,neg-w-call,2026-10-30+00:00,09:00:58+00:00,True,2026-10-19+00:00,22:00:00+00:00,Bane NOR SF,917082308,"Postboks 4350, 2308, HAMAR",Kenneth Marius Grimshei,+47 22 45 50 00,kenneth.marius.grimshei@banenor.no,0301,0191
2026-115125,https://doffin.no/notices/2026-115125,2026/4831 -  Prosjekt 1148703 - NTNU Campussamling – Anskaffelse av prosjektleder for brukerutstyr,Statsbygg ber i forbindelse med Prosjekt 1148703 - NTNU Campussamling –om tilbud på følgende konsulentoppdrag: Anskaffelse av prosjektleder for brukerutstyrDet skal inngås kontrakt med 1 – leverandør/prosjektleder,services,71315200,72224000; 79418000,,,open,2026-10-29+00:00,09:00:00+00:00,False,,,STATSBYGG,971278374,"Biskop Gunnerus' gate 6, 0103, OSLO",Olav B. Myhre,40203445,olavb.myhre@statsbygg.no,0301,0155
2026-115126,https://doffin.no/notices/2026-115126,Avinor AS - T-193330 - Anskaffelse - Rammeavtale - Børstekasetter,"Avinor benytter sope- og blåsemaskiner til fjerning av is og snø på rullebaner, taksebaner og flyoppstillingsområder ved Avinors lufthavner. Maskinene benyttes også til fjerning av gummi og generell feiing. Formålet med anskaffelsen er å sikre tilgang til funksjonelle, driftssikre og miljømessig forsvarlige børstekassetter som kan benyttes på Avinors eksisterende maskinpark.",supplies,34921100,34000000; 34300000; 34320000; 34900000; 34920000; 34921000; 34921200,,,neg-w-call,2026-11-02+00:00,11:00:58+00:00,True,2026-10-27+00:00,23:00:00+00:00,AVINOR AS,985198292,"Dronning Eufemias gate 6, 0191, Oslo",Junior Luabeya,+47 815 30 550,junior.luabeya@avinor.no,0301,0191
2026-115127,https://doffin.no/notices/2026-115127,,,,,,,,,,,,,,,,,,,,,
2026-115129,https://doffin.no/notices/2026-115129,DPS - Digitale læremidler til grunnskolen - VOIS,"Vestfold offentlige innkjøpssamarbeid (VOIS) har til hensikt å inngå en dynamisk innkjøpsordning på digitale læremidler til grunnskolen for kommunene i Vestfold.

DPS-ordningen skal gjelde fra kr. 100.000. Kommunene håndterer kjøp under denne verdien selv. Samtlige enheter som er en del av virksomheten som juridisk enhet skal kunne benytte denne ordningen. Dersom nye enheter kommer til i avtaleperioden, skal disse kunne tilslutte seg ordningen.

Opsjon: Ordningen gjelder for grunnskolen, men andre enheter har anledning til å benytte ordningen dersom dette er hensiktsmessig.

DPS-ordningen flyttes fra Mercell til Hyyr, som er ny KGV- og KAV-løsning.",supplies,48190000,48912000,200000000,NOK,restricted,2031-09-01+02:00,12:00:00+02:00,True,,,VOIS,974643723,"Sandefjordsveien 3, 3208, Sandefjord",VOIS,+4790567394,lillian.berheim.skaleskog@sandefjord.kommune.no,3907,3208
2026-115133,https://doffin.no/notices/2026-115133,Trykkeritjenester og Profilering,Rammeavtale for trykkeritjenester og profilering,supplies,22458000,22000000; 22462000; 22820000; 30192121; 30199730; 39294100; 79800000,5000000.00,NOK,open,2026-10-26+00:00,11:00:00+00:00,False,2026-10-16+00:00,10:00:00+00:00,NORGES BANK,937884117,"Bankplassen 2, 0151, OSLO",Kari Tovseth,+47 22316000,kari.tovseth@norges-bank.no,0301,0151
2026-115134,https://doffin.no/notices/2026-115134,SKADEDYRBEKJEMPELSE,"Nordre Follo kommune skal inngå ny rammeavtale på skadedyrbekjempelse.Konkurransen gjelder levering av tjenester for bekjempelse av skadedyr både i og ved kommunale bygg og i avløpsrør i kommunene.Dette er en samarbeidsanskaffelse mellom Nordre Follo kommune og Felles Innkjøpskontor for Follo-regionen (FIK), som består av kommunene Vestby, Frogn, Ås og Nesodden.Verdien av kontrakten i hele avtaleperioden er fordelt mellom kommunene som følger:Nordre Follo kommune - 9 mill.FIK kommunene - 4 mill.Alle beløp er i NOK og eks. mva.FIK-kommunene skal avrope på felles avtale med NF kommune.",services,90922000,,13000000.00,NOK,open,2026-10-26+00:00,11:00:00+00:00,False,2026-10-20+00:00,10:00:00+00:00,NORDRE FOLLO KOMMUNE,922092648,"Idrettsveien 8, 1400, SKI",Birgitte Andreassen,02178,birgitte.andreassen@nordrefollo.kommune.no,3207,1400
2026-115138,https://doffin.no/notices/2026-115138,Leasingbiler Kautokeino kommune,"Oppdragsgiver i denne anskaffelsen er Kautokeino kommune k.nr: 5612Oppdragsgiver skal anskaffe leasing av tjenestebiler til bruk for flere kommunale avdelinger. Anskaffelsen omfatter kjøretøy som skal dekke et bredt spekter av tjenestebehov, blant annet innen helse- og omsorgstjenester, psykisk helse, bo‑ og oppfølgingstjenester samt drift og eiendom.Formålet med anskaffelsen er å sikre tilgang til pålitelige, funksjonelle og kostnadseffektive kjøretøy som er godt tilpasset kommunal tjenesteproduksjon, lokale kjøreforhold og bruksmønster. Kjøretøyene skal bidra til effektiv tjenesteutførelse samtidig som det legges vekt på komfort, sikkerhet, universell bruk og lave driftskostnader.For å oppnå en hensiktsmessig og oversiktlig anskaffelse er bilbehovet strukturert i et begrenset antall kjøretøysegmenter basert på størrelse, bruksområde og funksjon.Leverandører står fritt til å gi tilbud på én, flere eller samtlige delkontrakter.",services,50100000,34110000; 34111000; 34115000; 34130000; 34100000,,,open,2026-10-28+00:00,11:00:00+00:00,False,2026-10-21+00:00,10:00:00+00:00,Kautokeino Kommune,945 475 056,"bredbuktnesveien 6, 9522, Kautokeino",Finnut as,93633815,kjd@finnut.no,,
2026-115143,https://doffin.no/notices/2026-115143,20250041 TNMM og selskapsdata,Anskaffelse for å sikre behovsdekning for Database og software for TNMM-benchmark og selskapsinformasjon.,services,72000000,48000000,40000000,NOK,neg-w-call,2026-10-29+00:00,12:00:58+00:00,True,2026-10-21+00:00,22:00:00+00:00,Skatteetaten,974761076,"Fredrik Selmers vei 4, 0663, Oslo",Kjetil Sivertsen,+47 80080000,Kjetil.Sivertsen@skatteetaten.no,0301,0663
2026-115145,https://doffin.no/notices/2026-115145,Logging table system,"The Geological survey of Norway is procuring a logging table system for its drill core archive at Løkken, Trøndelag. The Løkken Drill Core Archive serves as a national archive for geological sample material from Norway, with a primary focus on drill cores, and is used by exploration companies and other stakeholders in the mineral industry.",supplies,42000000,38220000; 43000000,1640000,NOK,open,2026-10-28+00:00,11:00:00+00:00,False,,,Norges geologiske undersøkelse,970188290,"Postboks 6315 Torgarden, 7491, Trondheim",Christina Wærness,+47 98822330,christina.waerness@ngu.no,5001,7040
2026-115142,https://doffin.no/notices/2026-115142,3-BYM-2026 Drift og vedlikehold av veinettet i område Oslo sentrum,"Oslo kommune ved Bymiljøetaten (Oppdragsgiver) inviterer til konkurranse med forhandling i forbindelse med anskaffelse av kontrakt for drift og vedlikehold av veinettet i område Oslo sentrum, 3-BYM-2026.

Om Oppdragsgiveren

Oppdragsgiver er tillagt forvaltningsansvaret for det kommunale veinettet inkludert det normerte fylkesveinettet. Som veiholder har Oppdragsgiver ansvar for å følge opp krav til støy- og luftforurensning fra vei gitt i forskrift til forurensningsloven. Videre har Oppdragsgiver ansvar for langsiktig samferdselsplanlegging, trafikk- og gatebruksplaner, trafikksikkerhet og planer for fremkommelighetstiltak for kollektivtrafikken samt forvaltning og drift av kommunale byrom i Oslo. En viktig del av forvaltningsansvaret er knyttet til anskaffelse av tjenester innenfor drift og vedlikehold av veinettet for å sikre gode forhold for alle trafikantgrupper.

Om anskaffelsen

Anskaffelsen skal dekke det løpende behovet for drift- og vedlikeholdstjenester av veinettet og byrom i Oslo sentrum som per september 2026 omfatter bydelene Frogner, St. Hanshaugen, Sagene, Grünerløkka og Gamle Oslo. I byrom inngår fellesarealer som veier, gater, fortau, gang- og sykkelveier, torg, parker og friområder. I kontraktsarbeidene inngår blant annet renhold og avfallshåndtering, sluktømming, lapping av asfalthull, strøing, brøyting og fjerning av snø. Mindre vedlikeholdsarbeider, som for eksempel utskifting av kantstein, reparasjon av ødelagte eller slitte fartshumper og utskifting av ødelagte sluk vil være en del av kontraktsarbeidet. I tillegg skal kontrakten dekke vaktordning og beredskapsavtale ved uforutsette hendelser for hele veinettet innenfor Oslo kommunes grenser. 

Mindre investeringstiltak kan inngå i kontraktsarbeidet. Arbeidene kan for eksempel være kryssoppstramming, etablering av nye fartshumper, beskjæring langs fortau, oppgradere/ asfaltere/ vedlikeholde strekker med gange og sykkelvei. Disse arbeidene vil i så fall utføres som regningsarbeider. Kontrakten er ikke eksklusiv når det gjelder regningsarbeider.

I prisskjema fremkommer estimerte mengder per år for de enkelte tjenestene som skal utføres på kontrakten. Mengdene er basert på erfaringstall fra nåværende kontrakt. For nærmere beskrivelse av kontraktsarbeidet og omfang se Vedlegg 1 «Beskrivelse av kontraktsarbeidet 3-BYM-2026» og vedlegg 2 «Prisskjema 3-BYM-2026» samt alle vedlegg til beskrivelsen.

Estimater angitt i prisskjema kan ikke anses forpliktende for Oppdragsgiver. Det faktiske omfanget av oppgaver vil variere. Det tas forbehold om budsjettmessige vedtak og bevilgninger, samt organisatoriske endringer. Vi gjør oppmerksom på at bydelsreformen vedtatt 17.6.2026 vil påvirke det geografiske området for kontraktsarbeidene. I løpet av kontraktsperioden vil det bli endringer av arealer i kontrakten når nye veidriftskontrakter på vest og nord starter opp. Dette vil påvirke årlige mengder. Se vedlegg 3 kontraktsformular og vedlegg Oversikt endringer i veilengder.

",works,45233140,45233141; 45233200; 45233210; 45233220; 45233252; 50000000; 50230000; 63712200; 90510000; 90511000; 90610000; 90611000; 90612000; 90620000; 71631480; 34927100; 14213200,,,neg-w-call,2026-10-30Z,11:00:00.000Z,True,,,Oslo kommune v/ Bymiljøetaten,996922766,"Karvesvingen 3, 0579, Oslo",Jannicke Andersen ,+47 21802180,postmottak@bym.oslo.kommune.no,0301,0579
2026-115146,https://doffin.no/notices/2026-115146,Solskjerming,"Montering, utskiftning og reparasjon av utvendige/innvendige solavskjerminger 
i NTNUs bygninger",services,51100000,39522100; 45212190,,,open,2026-11-02+00:00,07:00:58+00:00,False,2026-10-25+00:00,23:00:00+00:00,NTNU,974767880,"Høyskoleringen 1, 7491, Trondheim",Tina Husby Aune,47 73 59 80 80,tina.aune@ntnu.no,5001,7034
2026-115148,https://doffin.no/notices/2026-115148,NII - Rammeavtale - Pc og utstyr,Nordmøre Interkommunale Innkjøpssamarbeid innbyr til åpen anbudskonkurranse for inngåelse av ny rammeavtale for kjøp av Pc og utstyr.For mer informasjon om innkjøpssamarbeidet: www.nii.as,supplies,30213000,30100000; 30200000; 30213100; 30231300; 30231320,90000000.00,NOK,open,2026-11-05+00:00,11:00:00+00:00,False,,,Kristiansund kommune,991891919,"Kaibakken 2, 6509, KRISTIANSUND N",Audun Torvik,+47 71574000,audun.torvik@kristiansund.kommune.no,1505,6509
2026-115149,https://doffin.no/notices/2026-115149,Anskaffelse av rammeavtale for trykkeritjenester - 2. utlysning,"Formålet med Rammeavtalen er å sikre forsvarssektoren forutsigbar tilgang på trykkeritjenester med tilstrekkelig kapasitet og kvalitet innen et bredt spekter av trykkeriartikler. Rammeavtalen skal dekke sektorens løpende behov for produksjon av blant annet magasiner, brosjyrer, bøker, blader, konvolutter, kalendere, rapporter, beachflagg, roll-up, fotoprint, plakater, konvolutter, visittkort, diplomer, vitnemål, kort, messevegger, klistremerker, salgsoppgaver, prospekter, foliering og bannere, og legge til rette for effektive avrop, leveringssikkerhet og ivaretakelse av krav til informasjonssikkerhet ved behandling av gradert og skjermingsverdig informasjon.Rammeavtalen skal videre dekke bistand med enklere grafiske tjenester som design, layout og originalutarbeidelse, samt produksjonsfaglig rådgivning i forbindelse med trykkeprosessen. Leverandøren skal bistå med lagertjeneste, pakking av trykksaker og montering av trykksaker.Det vises ellers til Vedlegg D – Prisskjema og Vedlegg B – Kravspesifikasjon for en nærmere angivelse av anskaffelsens omfang.",services,79000000,22000000; 22400000; 22460000; 22500000; 22900000; 79800000,95000000.00,NOK,open,2026-11-02+00:00,11:00:00+00:00,False,2026-10-12+00:00,10:00:00+00:00,FORSVARSMATERIELL,916075855,"Grev Wedels plass 1, 0151, OSLO",Jens Kristian Hagaseth Aasmundsen,99129483,e-jaasmundsen@mil.no,0301,0151
2026-115166,https://doffin.no/notices/2026-115166,,,,,,,,,,,,,,,,,,,,,
2026-115172,https://doffin.no/notices/2026-115172,Antikvariske Håndverkstjenester- Rammeavtale,"ØRIK innbyr til åpen anbudskonkurranse – rammeavtale - for kjøp av antikvariske håndverkstjenester/ antikvarisk vedlikehold til kommunene: Eidsvoll, Gjerdrum, Hurdal, Nannestad, Nes, Ullensaker og kirkelige fellesråd tilknyttet kommunene. Enkelte av kommunene tilknyttes rammeavtalen med en opsjon (Hurdal). Kommunalt eid foretak og interkommunale selskaper i regi av kommunene kan benytte seg av avtalen ved behov. 

For fullstendig beskrivelse, vises det til konkurransedokumentene i sin helhet.",services,50000000,45262500; 45422000; 45442100; 45453100; 45211200; 45243600; 45260000; 45262522; 45440000,,,open,2026-10-09+00:00,10:00:58+00:00,False,2026-10-01+00:00,22:00:00+00:00,Øvre Romerike Innkjøpssamarbeid,933649768,"Veiberggata 7, 2050, Jessheim",Per Tore Olsen,+47,per.tore.olsen@orik.no,3209,2050
2026-115174,https://doffin.no/notices/2026-115174,Bedriftshelsetjeneste,"Rammeavtale om levering av bedriftshelsetjenester til Vestfold fylkeskommune.
Anskaffelsen skal ivareta oppdragsgivers lovpålagte forpliktelser i henhold til arbeidsmiljøloven med tilhørende forskrifter, samt bistå arbeidsgiver, arbeidstakere, arbeidsmiljøutvalg, verneombud m.m. med å skape helsefremmende og trygge arbeidsforhold for alle ansatte.
En nærmere beskrivelse av anskaffelsen finnes i Vedlegg A og i Bilag A1 Kundens kravspesifikasjon.",services,85147000,85140000,,,open,2026-10-08+00:00,10:00:58+00:00,False,2026-10-01+00:00,22:00:00+00:00,Vestfold fylkeskommune,929882385,"Svend Foyns gate 9, 3126, TØNSBERG",Kristin Frøland,+47,kristin.froland@vestfoldfylke.no,3905,3126
2026-115061,https://doffin.no/notices/2026-115061,RA-26-024-ALLE Kontorrekvisita for kommunene i Gjøvikregionen,"Anskaffelser, fellesenhet i Gjøvikregionen, gjennomfører konkurransen på vegne av Gjøvik, Østre Toten, Vestre Toten, Nordre Land og Søndre Land kommuner. Gjøvik kommune er vertskommune for innkjøpssamarbeidet.

Kommunene ønsker å inngå en felles rammeavtale om levering av kontorrekvisita til sine virksomheter. Avtalen skal dekke løpende behov for produkter til daglig kontorarbeid og administrasjon, og bidra til effektive innkjøp, god produktkvalitet og miljøvennlige valg.

Rammeavtalen inngås med én leverandør og skal benyttes av bestillingsberettigede enheter i de fem kommunene. Bestillinger gjøres etter behov, med levering til den enkelte virksomhet. Hver kommune har ansvar for egne bestillinger og oppfølging av disse.

Anskaffelsens omfang og vilkår fremgår av konkurransedokumentene med vedlegg.",supplies,30192000,22800000; 22830000; 30199000; 30192700; 22000000,12000000,NOK,open,2026-10-30Z,15:00:00.000Z,False,,,GJØVIK KOMMUNE FELLESENHET ANSKAFFELSER,912862089,"Postboks 630, 2810, GJØVIK",Lars Christian Berg,+47 95905501,anskaffelser@gjovik.kommune.no,,
2026-115064,https://doffin.no/notices/2026-115064,Loppa kommune - Molo - Øksfjord havn,"På vegne av Loppa kommune inviteres det til konkurranse for utbedring av havneforholdene i Øksfjord. General-entreprisen (NS 8406) omfatter etablering av to nye moloer, etablering av ny pumpestasjon, avløpsledning og adkomstveg. Mudring av sjøbunnen under Molo Sør er nødvendig for å sikre tilstrekkelig geoteknisk stabilitet før utfylling. Mudringsmasser skal gjenbrukes som kjernemasser i moloene og til gjenfylling av grøfter, mens eventuelle overskuddsmasser leveres til godkjent mottak. Arbeidene skal gjennomføres med miljøtiltak som boblegardin og turbiditetsovervåkning. Eksisterende avløpsledning må være flyttet og omlagt med ny pumpestasjon før oppstart av sjøarbeider. Molo Nord skal delvis etableres før mudring starter for å muliggjøre innkapsling av mudringsmassene og redusere partikkelspredning. Entreprisen omfatter videre utfyllingsarbeider, breddeutvidelse og forlengelse av Molo Nord, etablering av snuplass, samt betongarbeider på ny og eksisterende molo. Betongarbeidene er opsjoner og inkluderer støping av molodekker, brystninger og påstøp på eksisterende konstruksjoner. Byggherren står fritt til å bestille hele eller deler av de opsjonerte betongarbeidene. Utførelsen skal skje i henhold til prosjekteringsgrunnlaget og tilhørende tegninger. Videre foreligger det opsjonsposter på riving og re-etablering av om lag 200 meter med eksisterende avløpsledning på land.",works,45200000,45000000; 45240000,95000000.00,NOK,open,2026-10-27+00:00,11:00:00+00:00,False,2026-10-20+00:00,14:00:00+00:00,Loppa kommune,963 063 237,"Parkveien 1/3, 9550, Øksfjord",Oddleiv Johnsen,46895764,oddleiv.johnsen@loppa.kommune.no,,
2026-115065,https://doffin.no/notices/2026-115065,Utredning av skredfare i bratt terreng,"Som en del av skredforvaltningsarbeidet utreder NVE faren for snøskred, sørpeskred, steinsprang, steinskred, jordskred og flomskred i statlig regi. Behovet for utredninger baserer seg i hovedsak på Plan for skredfarekartlegging (NVE 14/2011) og nye skredhendelser. NVE har i den forbindelse behov for å inngå en rammeavtale med formål å fordele følgende oppdrag:A – utredning av skredfare i bratt terreng i henhold til byggteknisk forskrift (TEK17), NVEs veileder for utredning av sikkerhet mot skred i bratt terreng og vedlegg 1 Kravspesifikasjon.UKS - uavhengig kvalitetssikring av oppdrag A og ev. andre skredfareutredninger.Leverandørene skal kunne utføre oppdrag over hele landet.NVE ønsker å inngå avtale med inntil 5 leverandører.",services,71351200,71300000; 71350000; 71351910; 90711100; 90721800,90000000.00,NOK,open,2026-10-30+00:00,11:00:00+00:00,False,2026-10-23+00:00,10:00:00+00:00,Norges vassdrags- og energidirektorat (NVE),970205039,"Middelthunsgate 29, 0368, OSLO",Rolf Magnus Groth,+47 22959595,rmgr@nve.no,0301,0368
2026-115066,https://doffin.no/notices/2026-115066,Pukk og grus,Oppdragsgiver inviterer med dette til konkurranse for etablering av rammeavtale vedrørende kjøp av pukk og grus.Oppdragsgiver vil inngå rammeavtaler med inntil tre leverandører forutsatt tilstrekkelig antall egnede leverandører og tilbud.Fullstendig beskrivelse av leveransen følger av vedleggene til konkurransegrunnlaget.,supplies,14212310,14000000; 14210000; 14211000; 14212100; 14212120; 14212400; 14212410; 14213200,10000000.00,NOK,open,2026-10-27+00:00,11:00:00+00:00,False,2026-10-19+00:00,10:00:00+00:00,Fredrikstad kommune,940039541,"Rådhuset, Nygaardsgaten 14-16, 1606, FREDRIKSTAD",Ole Andreas Schade,+47 69306000,olesch@fredrikstad.kommune.no,3107,1606
2026-115067,https://doffin.no/notices/2026-115067,Operasjonell leasing av 1 stk. ny gravemaskin,Follo Ren IKS skal inngå avtale om operasjonell leasing av 1 stk. gravemaskin (ca. 16 tonn).,supplies,42418000,42418900; 43261000; 50111100,,,open,2026-10-29+00:00,11:00:00+00:00,False,2026-10-22+00:00,10:00:00+00:00,Follo Ren IKS,975804569,"Kveldroveien 4, 1407, VINTERBRO",Carina Nes,+47 90804010,carina.nes@folloren.no,3218,1407
2026-115068,https://doffin.no/notices/2026-115068,Anskaffelse av SAP Løsningsarkitekt til DRIV 2026036846,Formålet med denne utlysningen er å fylle en rolle som teknisk løsningsarkitekt i produktteam maritime tjenester i DRIV. Konsulenten skal ivareta rollen innenfor fagfeltet teknisk arkitektur- og konfigurasjonsstyring med hovedfokus innenfor området SAP DFPS.,services,72100000,72200000; 72211000; 72212000; 72220000; 72230000; 72240000; 72250000; 72260000; 72300000; 72500000; 72600000,,,open,2026-10-30+00:00,11:00:00+00:00,False,2026-10-16+00:00,10:00:00+00:00,FORSVARSMATERIELL,916075855,"Grev Wedels plass 1, 0151, OSLO",Maria Elisabeth Lian,90567456,marlian@mil.no,0301,0151
2026-115072,https://doffin.no/notices/2026-115072,Heldøgns omsorgstjenester i institusjon 4538,Konkurransen gjelder kjøp av plass på godkjent helseinstitusjon for bruker med sammensatte behov. Se konkurransegrunnlag for mer informasjon.,services,85000000,85144000,,,open,2026-10-14+00:00,10:00:58+00:00,False,2026-10-06+00:00,22:00:00+00:00,Tromsø kommune,940 101 808,"Rådhuset, Postboks 6900 Langnes, 9299, Tromsø",Stina Jansen,+47 77 79 00 00,stina.jansen@tromso.kommune.no,,
2026-115074,https://doffin.no/notices/2026-115074,Rammeavtale Bruvedlikehold 2027-2028,"Bakgrunn og formål

Formålet med anskaffelsen er å inngå én rammeavtale som dekker Oppdragsgivers behov for levering og utførelse av arbeidet knyttet til bruvedlikehold.

Totalt antall trafikkerte bruer på fylkesveger i Innlandet fylke er om lag 1250 stk.

Arbeidene vil foregå på fylkesvegbruer i Innlandet.

Arbeidene gjelder hovedsakelig mindre vedlikeholdsarbeider. Der det er behov for mer omfattende vedlikeholdsarbeider på enkeltbruer vil dette bli utlyst som egne kontrakter.

Oppgavene vil variere i omfang og omfatter bruvedlikehold av ulik art, herunder fugereparasjoner, utskifting av asfaltfuger, reparasjon av fugeterskler, reparasjon av lager, betongreparasjoner, dekkereparasjoner, dekkevedlikehold, asfalt- og membranarbeider, korrosjonsbeskyttelse, utskifting og reparasjon av rekkverk, kantdragere, vannavløp, større betongarbeider på grunn av flomskade, reparasjoner på grunn av undergraving, bekkeomlegging og lignende.",works,45221119,45232452; 45233142; 45221100; 45262330; 45259000; 45340000; 45232450; 45221000; 45442200; 45233000; 45221110; 45230000; 45000000,200000000,NOK,open,2026-10-30+01:00,12:00:00+01:00,False,,,Innlandet fylkeskommune,920717152,"Parkgata 64, 2317, Hamar",Innlandet fylkeskommune,+47 62 00 08 80,post@innlandetfylke.no,3403,2317
2026-115073,https://doffin.no/notices/2026-115073,,,,,,,,,,,,,,,,,,,,,
2026-115075,https://doffin.no/notices/2026-115075,Kollektiv ulykkesforsikring - arbeidsmarkedstiltak,Anskaffelse av kollektiv ulykkesforsikring for deltagere på arbeidsmarkedstiltak.,services,66510000,66512000,,,open,2026-10-29Z,11:00:00Z,False,,,ARBEIDS OG VELFERDSETATEN,889640782,"8601, Mo i Rana",,97768121,nav.anskaffelser@nav.no,0301,0661
2026-115076,https://doffin.no/notices/2026-115076,ST260004 Parkeringsløsning for Sykehuset Telemark ,"Det er skal inngås en kontrakt for levering av parkeringsløsninger til Sykehuset Telemark sine loklasieringer i Skien, Porsgrunn og Notodden.",services,63712400,98351110,10000000.00,NOK,open,2026-11-01Z,23:00:00Z,False,,,SYKEHUSINNKJØP HF,916879067,"9811, Vadsø",,78950700,post@sykehusinnkjop.no,5607,9800
2026-115078,https://doffin.no/notices/2026-115078,Anskaffelse av bedriftshelsetjeneste for Nordland fylkeskommune,"Nordland fylkeskommune har behov for bedriftshelsetjenester ved våre driftsenheter.Det skal inngås rammeavtaler med varighet på to år for levering av bedriftshelsetjenester til fylkeskommunale driftsenheter i følgende områder: Region Nord, region midt og region sør.Det skal være mulighet for oppdragsgiver til å forlenge avtalen for inntil to år med ett år av gangen.Nordland fylkeskommune har disponibel ressurs til bedriftshelsetjeneste tilsvarende i gjennomsnitt 1 time pr. ansatt pr. år. Dette er kun veiledende tall, og binder ikke oppdragsgiver.Samlet verdi for anskaffelsen av bedriftshelsetjenester de neste fire årene er for disse områder tilsammen er beregnet til ca. kr 16 500 000,-.  Maksimum verdi på totalanskaffelsen vil være 18 700 000,-.Dette er kun veiledende tall, og binder ikke oppdragsgiver.",services,85147000,,16500000.00,NOK,open,2026-11-09+00:00,11:00:00+00:00,False,2026-11-02+00:00,11:00:00+00:00,Nordland fylkeskommune,964982953,"Prinsensgate 100, 8048, BODØ",Astrid Nilsen,+47 75650000,astrni@nfk.no,1804,8005
2026-115080,https://doffin.no/notices/2026-115080,"Tømming av slam, sandfang og vedlikehold av ledningsnett","Gjesdal kommune ønsker å inngå en rammeavtale med én leverandør som kan dekke følgende fagområder innen VA og byggdrift:Tømming av slam fra samtlige private og kommunale avløpsanlegg som inngår i den kommunale tømmeordningenTømming av sandfangkummer på kommunale veierTømming av sandfangkummer på kommunale parkeringsplasser Kamerainspeksjon, spyling, og strømpekjøring av ledningsnettetBistand ved akutt blokkering av rør i form av utrykning på kort varsel.Formålet med avtalen er å effektivisere kommunens drift og vedlikehold innen VA ved å samle ansvaret hos en leverandør. Dette vil gi bedre oversikt, færre grensesnitt, raskere responstid og mer helhetlig oppfølging på området.",services,90400000,90460000; 90470000; 90513600; 90513700; 90513800; 90513900,10000000.00,NOK,open,2026-10-30+00:00,11:00:00+00:00,False,2026-10-20+00:00,10:00:00+00:00,Gjesdal Kommune,964978573,"Rettedalen 1, 4330, ÅLGÅRD",Jorunn Birkeland,+47 51614200,jorunn.birkeland@gjesdal.kommune.no,1122,4330
2026-115081,https://doffin.no/notices/2026-115081,Medisinsk teknisk utstyr - Kjøp,Kjøp av medisinsk teknisk utstyr til kommunene på Øvre Romerike.,supplies,33100000,,,,open,2026-10-28+00:00,11:00:58+00:00,False,2026-10-21+00:00,22:00:00+00:00,Øvre Romerike Innkjøpssamarbeid,933649768,"Veiberggata 7, 2050, Jessheim",Beate Eriksen,+47,beate.eriksen@orik.no,3209,2050
2026-115085,https://doffin.no/notices/2026-115085,Driftsavtale for vintervedlikehold for Vik kommune,"Oppdragsgiver for denne anskaffelsen er Vik kommune. Vik kommune er en langstrakt kommune med 5 bygder. Vik kommune vil med denne anskaffelsen inngå driftsavtale for vintervedlikehold på kommunale veier med flere leverandører. Se konkurransegrunnlag.

Konkurransen har flere deler (roder) Det er lagd en kravspesifikasjon pr rode, med prisliste og tilbudsbrev. Det er mulig å gi tilbud på en eller flere roder. Da fyller man ut skjema tilhørende roder og gir tilbud på dette.

Avtale vil bli inngått etter «kontrakt vintervedlikehald Vik kommune», se vedlegg 2.",services,90620000,90000000; 90600000,,,open,2026-10-29Z,09:00:00.000Z,False,,,Norconsult,962392687,"Kongens gate 21, 0153, Oslo",Ratnes Lahouratate,+47 67571000,firmapost@norconsult.com,3201,1338
2026-115086,https://doffin.no/notices/2026-115086,"Uttransportering og sluttbehandling av avfall fra Kopla, rammeavtale","Konkurransen gjelder levering av uttransport med krokliftbil av restavfall og andre avfallsfraksjoner med sluttbehandling, inkludert leie av containere samt intern transport med krokliftbil på anlegget.

Anskaffelsens verdi anslås til: NOK 1 800 000,- eks. mva. per år. Maksimalverdi for hele avtaleperioden, inkludert eventuelle opsjoner og forventet prisstigning: NOK 10.000.000,- eks. mva. Behovet er usikkert. Volumet kan variere både opp og ned, og vil i avtaleperioden være avhengig av blant annet oppdragsgivers behov, aktiviteter, budsjettsituasjon og andre rammefaktorer.

For nærmere informasjon viser vi til anskaffelsesdokumentene.

Plikten til å stille krav om lærling er vurdert til å gjelde for denne anskaffelsen, jf. anskaffelsesloven § 5h. Se kontrakten for mer informasjon.",services,90000000,90500000; 90513000,10000000,NOK,open,2026-10-28+00:00,11:00:58+00:00,False,2026-10-15+00:00,22:00:00+00:00,Rakkestad kommune,945372281,"Rådhusveien 8, 1890, Rakkestad",Andrea Hagen,+47,andrea@innkjopskontoret.no,3120,1890
2026-115087,https://doffin.no/notices/2026-115087,Avtale om avfallshåndtering for eiendommer i Volda,"Det skal anskaffes avtale om avfallshåndtering for eiendommer i Volda. Avtalen skal omfatte leie av beholdere, transport og sluttbehandling av avfall.",services,90500000,90510000; 90512000,,,open,2026-10-29Z,11:00:00.000Z,False,,,Statsbygg,971278374,"Biskop Gunnerus' gate 6, 0155, Oslo","Bugge, Christine Tandberg",+47 22954000,postmottak@statsbygg.no,0301,0155
2026-115090,https://doffin.no/notices/2026-115090,Kjøp av praksisnær aksjonsforskning på facilitymodeller som nye organisasjonsmodeller i sykehjem,"Oslo kommune ved Sykehjemsetaten har gjennomført et omfattende oppgavedelingsprosjekt i perioden 2024-2025, med utprøving av flere modeller for alternativ organisering og oppgavedeling i kommunale langtidshjem. Noen av modellene er prøvd ut både ble testet ut på enkelte avdelinger, mens noen ble testet ut og på hele institusjoner. En av modellene, Tåsenmodellen ble innført og satt i ordinær drift fra åpning i november 2024. Erfaringer fra oppgavedelingsprosjektene viser at ny oppgavedeling er gjennomførbart og gir målbare gevinster, forutsatt god lederforankring, tydelige rolle og ansvarsbeskrivelser, systematisk opplæring og lokal tilpasning.   

 

Sykehjemsetaten ønsker praksisnær aksjonsforskning på facilitymodeller som ny organiseringsmodell med mål om å dokumentere effekter, evaluere de ulike implementeringsprosessene sett opp mot “Best practice” og tolke funnene i sammenheng med øvrige registerdata på sykehjem. 

 

Tre forskjellige facilitymodeller er i dag innført på Tåsenhjemmet, Langerudhjemmet og Majorstuhjemmet. Innretning på øvrige langtidshjem er ikke besluttet. Forskningen skal gjennomføres som et likeverdig samarbeid mellom forskningsmiljø, sentraladministrasjon og sykehjemmene, med vekt på kunnskapsbasert praksis, læring og høy grad av anvendbarhet i tjenesten. 

 

Avtalen har en varighet på to år og en estimert totalverdi på NOK  4 000 000 eks. mva.",services,73000000,73100000; 73110000; 73200000; 73300000,4000000,NOK,open,2026-10-26Z,10:00:00.000Z,False,,,Oslo kommune v/ Sykehjemsetaten,990612498,"Nedre Slottsgate 3, 0157, Oslo",Lene Moen Sara,+47 21802180,postmottak@sye.oslo.kommune.no,0301,0157
2026-115092,https://doffin.no/notices/2026-115092,26/02030 Rammeavtale om kjøp av konsulenttjenester innen offentlige anskaffelser - Norsk helsenett SF,"Norsk helsenett SF (heretter oppdragsgiver) er et statsforetak, eid av Helse – og omsorgsdepartementet. Vår oppgave er å utvikle, forvalte og drifte nasjonale e-helseløsninger og infrastruktur. Oppdragsgiver har ansvaret for nasjonale e-helsetjenester som e-resept, helsenorge.no, Kjernejournal og grunndata. Oppdragsgiver leverer også tjenester innen IKT, anskaffelser og arkiv til virksomhetene i helseforvaltningen.Oppdragsgiver har lokasjoner i Trondheim (hovedkontoret), Oslo, Tromsø, Moss og Svalbard.Formålet med rammeavtalen er å sikre oppdragsgiver tilgang på konsulenter med kompetanse og erfaring der oppdragsgiver ikke har tilstrekkelig kapasitet.Rammeavtalen skal dekke behovet for bistand innenfor følgende delområder:operativ gjennomføring av anskaffelserrådgivning og/eller gjennomføring av sikkerhets -/ og sikkerhetsgraderte anskaffelserrådgivning og/eller gjennomføring av bærekraftige anskaffelserstrategisk utvikling av anskaffelsesområdetOppdragsgiver skal stå som avtalepart i rammeavtalen.Som opsjon kan øvrige virksomheter i helseforvaltningen tiltre kontrakten ved behov i hele kontraktsperioden.Se konkurransedokumentene/bestemmelsene for mer informasjon.",services,79418000,79419000,26000000.00,NOK,open,2026-11-02+00:00,11:00:00+00:00,False,2026-10-23+00:00,10:00:00+00:00,Norsk Helsenett SF,994598759,"Abels gate 9, 7030, TRONDHEIM",Avdeling anskaffelser,+47 24200000,anskaffelser@nhn.no,5001,7030
2026-115095,https://doffin.no/notices/2026-115095,,,,,,,,,,,,,,,,,,,,,
2026-115099,https://doffin.no/notices/2026-115099,E0015EBE - Klostergarasjen - rehabilitering søyler,"Klostergarasjen er et underjordisk parkeringsanlegg, som ligger i Bergen sentrum med innkjøring fra Jonsvollsgaten og tilkomst fra Veiten/Markeveien, fra Klosteret og fra Valkendorfsgaten/Vågen. Garasjen ble åpnet i 2005 og har totalt 13.960 m2 BRA. Anlegget er etablert som et fjellanlegg med tilhørende betongkonstruksjoner og dekker oppført i flere plan. Parkeringsanlegget består av seks parkeringsnivåer benevnt plan A–F og har en samlet kapasitet på om lag 940 parkeringsplasser.",works,45223310,44114000; 45000000; 45100000; 45200000; 45213312; 45223300; 45262300; 45300000; 85111400; 85312500,90000000.00,NOK,open,2026-11-04+00:00,11:00:00+00:00,False,2026-10-28+00:00,11:00:00+00:00,Bergen kommune - Etat for bygg og eiendom,964338531,"Postboks 7700, 5020, BERGEN",Marie Louise  Pihl,+47 05556,marie.pihl@bergen.kommune.no,4601,5014
2026-115098,https://doffin.no/notices/2026-115098,Rammeavtale med én leverandør om miljøfaglig rådgivning,Statsbygg skal inngå rammeavtale med én leverandør om rådgivning innen fagområdet miljø.,services,90700000,90712000; 90713000; 71530000; 90711000,4000000,NOK,open,2026-10-26Z,11:00:00.000Z,False,,,Statsbygg,971278374,"Biskop Gunnerus' gate 6, 0155, Oslo","Bugge, Christine Tandberg",+47 22954000,postmottak@statsbygg.no,0301,0155
2026-115102,https://doffin.no/notices/2026-115102,Avtale om drift av kantine,"Avtale om drift av Sjøfartsdirektoratets kantine i Smedasundet 50A, Haugesund",services,55510000,55511000; 55512000,4800000,NOK,open,2026-10-16+00:00,10:00:00+00:00,False,,,Sjøfartsdirektoratet,974761262,"Smedasundet 50A, 5528, HAUGESUND",Ruth Berthe Dommersnes,+47 292415772,rbd@sdir.no,1106,5528
2026-115101,https://doffin.no/notices/2026-115101,Kompetansemegling (FoUI-veiledning) Oslo,"Kjernen i leveransen er FoUI-veiledning som beskrevet nedenfor. I tillegg ønsker Oslo kommune en opsjon på andre tjenester.

Formålet med anskaffelsen er å inngå kontrakt med 4-7 FoUI-veiledere innen utvalgte innsatsområder. FoUI-veiledningen skal styrke forskningsstøttet innovasjon i regionens næringsliv og kommunens egen virksomhet. Innsatsen skal styrke kapasitet for innovasjon i næringsliv og skal også bidra til å styrke Oslo kommunes egen kapasitet for forskningsstøttet innovasjon, i tråd med vedtatt strategi for kunnskapsbasert utvikling, innovasjon og digital teknologi for Oslo kommune (KID). Næringsrettet innsats prioriteres blant annet i tråd med regional plan for konkurransekraft og verdiskaping i Oslo og Akershus, som er på høring høsten 2026.

Det vil bli lagt spesiell vekt på kompetanse for næringsliv, offentlig sektor og forskning innen:

·         Bærekraftig omstilling og løsninger for det grønne skiftet

·         Folkehelse, helse og livsvitenskap

·         Digitalisering, og kunstig intelligens

·         Beredskap, trygghet og samfunnssikkerhet

 Det er en fordel å vise til dybdekunnskap om næringer som er strategisk viktige for Oslo, som maritim, digitalisering, helse, dual-use og sirkulærøkonomi. Kunstig intelligens og digitalisering er i ferd med å innta alle deler av nærings- og samfunnslivet. Kunnskap om digitalisering og kunstig intelligens er derfor ikke begrenset til ett satsingsområde, og det vil være en fordel å kunne noe om bruk av digitalisering og AI innen de enkelte satsingsområdene.
FoUI-veilederne har som hovedoppdrag å mobilisere næringsliv og Oslos egne virksomheter til mer forskningsstøttet FoU. FoUI- veilederne diskuterer prosjektidéer og muligheter med bedrifter eller offentlig sektor og kan koble FoU-behov med relevant forsker. FoUI-veiledning mobiliserer til regionale, nasjonale og internasjonale ordninger, samt til forprosjekter, og tilskuddsordningen SmartOslo. Nytt denne gangen er at vi ønsker at FoUI-veilederne også skal kunne bidra til å mobilisere til EUs støtteordninger for næringsliv, blant annet EIC.",services,73200000,73000000,7500000,NOK,neg-w-call,2026-10-26Z,11:00:00.000Z,True,,,Oslo kommune v/ Byrådsavdeling for kultur og næring,997703634,"Oslo rådhus, Rådhusplassen 1, 0037, Oslo",Marthe Fredriksen Hjort,+47 21802180,postmottak@byr.oslo.kommune.no,0301,0037
2026-115103,https://doffin.no/notices/2026-115103,Internkontroll og drift/vedlikehold elektro - RK2026,"Formålet med anskaffelsen er å etablere to rammeavtaler som skal sikre god og dokumenterbar internkontroll EL, og dekke kommunens supplerende behov for elektrotjenester inkl. materiell utover bruk av egen arbeidskraft. Vi skal ha ulike leverandører på disse to tjenesteområdene.Avtalen skal sikre stabilitet og kvalitet i tjenesteytingen gjennom å øke kapasiteten og kompetansen på denne type tjenester. Kommunen søker derfor avtaleparter som er effektive og kompetente, med positive samarbeidsegenskaper.Leverandøren skal sikre kommunens dokumentasjon via digital loggføring. Kommunen bruker Facilit FDVU. Avrop på tjenester, materiell til forvaltning, drift og vedlikehold av eiendom, bygg og anlegg skjer ved bruk av denne elektroniske løsningen.Kontraktens varighet er 2 år med rett til forlengelse i 1+1 år.  Konkurransens verdi anslås til henholdsvis kr 14 millioner for delkontrakt 1, drift og vedlikehold, med en maksimal verdi på kr 15,1 millioner. Og kr 1,8 millioner, med en maksimal verdi på kr 2,3 millioner over fire år for delkontrakt 2, internkontroll. Behovet vil kunne bli større eller mindre i kontraktsperioden, f.eks. som følge av at kommunen erverver nye eller avhender bygninger. For det tilfelle at innkjøpet defineres som prosjekt, står kommunen fritt til å be om tilbud hos flere leverandører. Dette vil gjelde både sterk- og svakstrøms-installasjoner. Fullstendig beskrivelse av leveransen følger av kontraktsutkastene til hver av de to delkontraktene.",services,50711000,31600000; 31681000; 31681400; 31681410; 31711000; 31711100; 45310000; 45311000; 45317000,25000000.00,NOK,open,2026-10-28+00:00,11:00:00+00:00,False,2026-10-21+00:00,10:00:00+00:00,Rana Kommune,872418032,"Rådhusplassen 2, 8622, MO I RANA",Lone  Lysholm,75145000,lone.lysholm@rana.kommune.no,1833,8622
2026-115109,https://doffin.no/notices/2026-115109,Anskaffelse av løsning for backup og reservedrift,"Plan- og bygningsetaten forvalter store mengder data knyttet til byggesaker, eiendom, geodata og mer. Stabil tilgang til disse dataene er avgjørende for å sikre effektiv saksbehandling og leveranse av tjenester til innbyggere og næringsliv.

Anskaffelsens formål er å etablere en sikker og robust løsning for sikkerhetskopiering og gjenoppretting av data.

Løsningen som anskaffes skal bidra til å sikre høy tilgjengelighet til etatens data og systemer og redusere risiko knyttet til tap av data, sikkerhetshendelser og driftsavbrudd.

Løsningen skal understøtte etatens behov for:

- beskyttelse av virksomhetskritiske data

- rask gjenoppretting ved hendelser

- robusthet mot cybertrusler (herunder ransomware)

- fleksibilitet i forbindelse med overgang til Oslo kommunes felles IKT-plattform



Anskaffelsen omfatter en samlet løsning for backup og gjenoppretting som kan bestå av:

- tjenesteleveranse fra leverandørens plattform

- drift av løsninger i kundens eller tredjeparts miljø

- nødvendige komponenter for lagring og gjenoppretting

Løsningen skal sikre at sikkerhetskopier lagres på minst to uavhengige lokasjoner, som er fysisk og logisk adskilt.",supplies,48710000,48000000; 72000000; 72900000,7000000,NOK,open,2026-10-29Z,13:00:00.000Z,False,,,Oslo kommune v/ Plan- og bygningsetaten,971040823,"Vahls gate 1, 0187, Oslo",Linda Bredesen,+47 21802180,postmottak@pbe.oslo.kommune.no,0301,0187
