postnummer,lat,lon
0010,59.917094443080835,10.728117905201714
0015,59.90647505053225,10.738764675931689
0026,59.91312940518703,10.739588732469851
0037,59.9122683366364,10.73391990915486
0050,59.91264807386321,10.752366953001532
0139,59.86891112112585,10.772493175144792
0150,59.89037635257077,10.717928613200561
0151,59.90966681141014,10.741311096687244
0152,59.90960191175148,10.747127761341897
0153,59.90978728687202,10.742433253904425
0154,59.91129095432801,10.749287773846506
0155,59.91270157094548,10.748494975519854
0157,59.91323920560556,10.742749942110128
0158,59.91359580122579,10.741950695126562
0159,59.913745324889966,10.741940934094679
0160,59.909503790634375,10.731810335734517
0161,59.913870020396494,10.732884972429671
0162,59.91488875262328,10.736260752482869
0164,59.916465699720156,10.73825592401596
0165,59.9197617207124,10.742711906843782
0166,59.91900153666209,10.734887275768955
0167,59.920546894056116,10.73172511595584
0168,59.92676067670472,10.734191790242644
0169,59.92606962480372,10.737915916830095
0170,59.92272596697635,10.7364989148561
0171,59.92627619546226,10.742214525361105
0172,59.924001535918286,10.746096231303069
0173,59.92781294652767,10.746974445283783
0174,59.92630803446843,10.748209712716113
0175,59.92650265209533,10.751866080091615
0176,59.92024613339761,10.73844586998097
0177,59.92006304559447,10.747398378765956
0178,59.92073002600486,10.75082033493595
0179,59.91617715700957,10.747882241718854
0180,59.91586260541949,10.743965861434004
0181,59.91470751133188,10.749708721782344
0182,59.91767466659458,10.755490378190641
0183,59.916665924382656,10.75269652404513
0184,59.91373773532088,10.752535349377542
0185,59.91205990046483,10.756516215584897
0186,59.91525185405974,10.758732508949596
0187,59.91479707489885,10.763027820648427
0188,59.91257112598225,10.76086423490845
0190,59.911303623312435,10.766680868031042
0191,59.90845324563857,10.760978190141985
0192,59.90470811197978,10.77114338881291
0193,59.89126007829861,10.756947855810418
0194,59.90358981294542,10.756534464317749
0195,59.90405653442149,10.785069369486113
0196,59.90211452144281,10.785339465359423
0198,59.870802197350514,10.751440655715111
0250,59.90729544980091,10.715137420184245
0251,59.913486174445715,10.72734049218231
0252,59.90526796121743,10.72003105884384
0253,59.91416789397011,10.72487307904149
0254,59.91323977572179,10.720998401033803
0255,59.91498979530333,10.72140052643457
0256,59.91693580898075,10.720596736928265
0257,59.916394830622416,10.716393145611898
0258,59.91998807095492,10.722726240267583
0259,59.92100036803114,10.71735779067695
0260,59.922604851859916,10.711916461100111
0262,59.91675895772567,10.711580594893924
0263,59.9186887611703,10.71184753741841
0264,59.91821811624522,10.708909517077663
0265,59.918362873204664,10.705627484684003
0266,59.92288048038033,10.706190720314238
0267,59.918916412744586,10.70189391342867
0268,59.924526700915244,10.699371323647695
0270,59.91160066307477,10.71556391965327
0271,59.912959778456944,10.703346626252305
0272,59.911995634215536,10.70894003602991
0273,59.91725274890601,10.694132019066396
0274,59.92486333743731,10.6929647653997
0275,59.92616246019546,10.674693043321266
0276,59.925441404132975,10.684205840812318
0277,59.918439193963735,10.66980138347952
0278,59.91956925686501,10.684302186656723
0279,59.920991554278196,10.680108431637152
0280,59.92547175826963,10.660377697079095
0281,59.920781630641635,10.662833522593399
0282,59.92072431438044,10.649724235403674
0283,59.91633426449931,10.642753350631425
0284,59.923690812747616,10.63451817134985
0286,59.894213701527306,10.681860530846484
0287,59.90654715860634,10.670842016367633
0340,59.93488192000533,10.719614631308945
0349,59.94238600907069,10.716198837229856
0350,59.921769971973895,10.730339651120756
0351,59.92403899771136,10.72872665486762
0352,59.92045066825249,10.730987576964042
0353,59.92458018159639,10.7175151254339
0354,59.926832297454055,10.729127546274182
0355,59.92448930157803,10.72261225659998
0356,59.926933402870084,10.725547908345176
0357,59.92643814608495,10.721754731930616
0358,59.93123926147931,10.730592972802699
0359,59.93355819552045,10.731824877502245
0360,59.93181964881272,10.727130821243712
0361,59.93490471646074,10.725826407369581
0362,59.92939802858331,10.724494805166973
0363,59.93263392598974,10.71609799621452
0364,59.93047497570502,10.721197780541253
0365,59.92869999809231,10.722270266373114
0366,59.92860914173041,10.717073055437439
0367,59.92638004270008,10.716008211945201
0368,59.92808360322839,10.716189127161357
0369,59.93198312596992,10.703021951668525
0370,59.937050654336716,10.702306974797668
0371,59.93894543321779,10.717753628618595
0372,59.95380927372234,10.719271225597273
0373,59.94259085653593,10.710487437094308
0374,59.94321385426205,10.697862119032056
0375,59.93279379527193,10.688866492292114
0376,59.94252668852478,10.681019152252999
0377,59.93218459396698,10.675746135416459
0378,59.94045348207796,10.664124009724485
0379,59.93480100865405,10.66958355227355
0380,59.93201716446069,10.65437543850152
0381,59.92813395399777,10.648171156705242
0382,59.93196845558575,10.643460348813989
0383,59.93210017444623,10.635468573198638
0445,59.9431266834427,10.76166587193421
0450,59.938669133137246,10.739192610973015
0451,59.93486653701294,10.734257807440628
0452,59.929859241085836,10.734730448090097
0454,59.931041931840305,10.738032495301367
0455,59.93376835406914,10.741679639549275
0456,59.9291001380357,10.741364500764158
0457,59.93018079707027,10.750163904867867
0458,59.93106147135005,10.75383522407927
0459,59.93038925779193,10.75579519221559
0460,59.932912879043194,10.751849184442625
0461,59.9349818204148,10.75432127954318
0462,59.9388328901289,10.748690190583561
0463,59.93692648779862,10.757989997202861
0464,59.939466690112475,10.753390372524748
0465,59.93804675935427,10.758663622127385
0467,59.9446102009272,10.75960888858304
0468,59.94170017762792,10.757877061167504
0469,59.94133499590623,10.762519821031445
0470,59.93944064828913,10.763337058204256
0472,59.93825883367128,10.76498688403925
0473,59.93328773627801,10.759775547124468
0474,59.931724354042984,10.764771864660446
0475,59.932879558070084,10.772976606341944
0476,59.93453052589083,10.763894758809712
0477,59.93450492348284,10.764428556935927
0478,59.93532924127502,10.768970688704105
0479,59.93663494375163,10.776552426283855
0480,59.93789083710382,10.77126312949027
0481,59.93927322324085,10.778270969369759
0482,59.94171981201519,10.77434234328488
0483,59.944661354418685,10.772897368792806
0484,59.948934037393705,10.76783990869013
0485,59.94764784648239,10.77445263421779
0486,59.953992882674406,10.7709977668346
0487,59.948553180994956,10.78112918695422
0488,59.94554822691524,10.788267335858041
0489,59.95401653789817,10.784034667198114
0490,59.95909104610709,10.80426946320057
0491,59.962473230513545,10.785035132298296
0492,59.957705942734016,10.783053202116788
0493,59.959825819574725,10.775807685680793
0494,59.9650399862576,10.78802660517446
0495,59.964121117061104,10.79455581566339
0496,59.98064731146768,10.83144778858329
0550,59.91904181127462,10.75783982417375
0551,59.92218784105432,10.76049040198965
0552,59.92236654339907,10.759882147123827
0553,59.925102882715166,10.762646370157121
0554,59.92443729087553,10.75693599683291
0555,59.92506885598813,10.759033861628566
0556,59.927637382512685,10.762048668079782
0557,59.92893744141366,10.76392770795042
0558,59.92219796304221,10.7651588043529
0559,59.920671374719525,10.765741293148666
0560,59.92077147952704,10.768322833099555
0561,59.9171384983523,10.76461552745977
0562,59.91886654983933,10.769669725363224
0563,59.92101312126482,10.777142737151904
0564,59.92327150570235,10.774888317588877
0565,59.927379042701936,10.777121726796889
0566,59.92578911545803,10.76825899149849
0567,59.927620958923875,10.77029889909364
0568,59.92853556051002,10.771017307478209
0569,59.930003784387694,10.774203619890386
0570,59.93185960524795,10.779187809771111
0571,59.92652826643314,10.780542865999042
0572,59.93027541437225,10.783172174150998
0573,59.93131344387462,10.781106828000727
0574,59.93337337394839,10.78125307696168
0575,59.92515146887851,10.786253201274546
0576,59.91962947045039,10.784763342012099
0577,59.91651586801587,10.773942680788444
0578,59.91548498317784,10.770144653859383
0579,59.925773001166405,10.79694198936019
0580,59.9324865352377,10.807710053057157
0581,59.9269290774805,10.818450032408949
0582,59.931129943129065,10.834423971326409
0583,59.93435047710194,10.82050474997934
0584,59.9389409555298,10.818355286162749
0585,59.93231642218387,10.791832193674535
0586,59.93776830998459,10.797128358123874
0587,59.94345635333364,10.79380762172942
0588,59.94578882890646,10.802256386228583
0589,59.941024249740764,10.812282927096074
0590,59.95448331051532,10.816547519461299
0591,59.947837973625134,10.823251610473939
0592,59.948498491882525,10.827891998578965
0593,59.95490395029815,10.836755427977788
0594,59.94161474889411,10.837302816361458
0595,59.94569290214574,10.852020406613109
0596,59.94109624348681,10.847207295894345
0597,59.94782870477988,10.8484743654083
0598,59.93912367115784,10.828139767738259
0650,59.911281448541594,10.77319977404899
0651,59.913122022859454,10.76957325346192
0652,59.913554284175625,10.773583853240321
0653,59.91333765908265,10.776651746843168
0654,59.91351318774217,10.779991896835206
0655,59.9142980727,10.784826546863332
0656,59.90831998105044,10.773791213270927
0657,59.9070081006044,10.787955774065612
0658,59.908632693696255,10.790264007514002
0659,59.907472218552186,10.801598364835236
0660,59.91005238928068,10.800007093947555
0661,59.91516685884379,10.792741063169618
0662,59.921375984227474,10.800178956151845
0663,59.91709784136178,10.802733028653558
0664,59.91748512993814,10.81860715207227
0665,59.92102363620955,10.815882650801717
0666,59.915176686027294,10.82374809357966
0667,59.90733281475793,10.819746265623525
0668,59.929863923759505,10.84641068089734
0669,59.91560884226788,10.836701180727415
0670,59.91834324209814,10.843536796482384
0671,59.910461062824346,10.843975743735115
0672,59.908991803984506,10.862135169404253
0673,59.921941625783724,10.856028044215154
0674,59.916430295201444,10.867979285476682
0675,59.92613968973038,10.86475751543276
0676,59.921877446250136,10.875873505592837
0677,59.90049497853458,10.797516419368055
0678,59.9019301029626,10.809052136707017
0679,59.89669618078258,10.81332346630558
0680,59.891786303710184,10.8091134176662
0681,59.89439278854811,10.822050497249915
0682,59.902322215881995,10.833496274145963
0683,59.90238835884692,10.841977760066037
0684,59.90189985593699,10.85155804103673
0685,59.89692816388905,10.84568197907208
0686,59.89285908209065,10.835719023504158
0687,59.894609355505374,10.863020883797253
0688,59.88643178103743,10.854570230136169
0689,59.881860790388785,10.881601370333257
0690,59.8856723363045,10.841368139798668
0691,59.88050451151949,10.845294073587768
0692,59.87629292704483,10.83893631801499
0693,59.87068705229161,10.877626596149478
0694,59.865393702152254,10.845423803021697
0750,59.938496693601024,10.637588773618814
0751,59.94280996165029,10.639722866971944
0752,59.94163856664706,10.644708765188366
0753,59.9406711526824,10.64986631716731
0754,59.95147187368749,10.647596894593278
0755,59.95435093552626,10.640493816882941
0756,59.94746007070977,10.644499812086854
0757,59.96453691127285,10.631197779550334
0758,60.02224206456643,10.588931893063103
0760,59.945770362941566,10.63766184645614
0763,59.975564136323605,10.645507565948442
0764,59.96978702179372,10.646478838567674
0765,59.96784612911325,10.643956654056916
0766,59.962405810407894,10.645909555539465
0767,59.953958612738305,10.65175100095059
0768,59.948292765109564,10.653743603669867
0770,59.94447897223356,10.660695378721275
0771,59.951426032778336,10.66215593224566
0772,59.9510054966108,10.670493618363148
0773,59.95265203523591,10.679041208999882
0774,59.94858316785627,10.683541512749107
0775,59.948142885936704,10.691066694504979
0776,59.953384380044426,10.69066558463092
0777,59.95229703458421,10.700893211374474
0778,59.95387189420213,10.709190639668341
0779,59.9587436818278,10.702099593139499
0781,59.96360945301501,10.692580259158431
0782,59.98606423234479,10.682552949759053
0783,59.95638615696106,10.675500947731246
0784,59.95656118913424,10.669145211925395
0785,59.95690880357787,10.66010428383381
0786,59.96087692479562,10.658073278752548
0787,59.96243263976786,10.671650416982168
0788,59.97387468604577,10.652511813301707
0789,59.968660399071894,10.658349384927643
0790,59.97529586947558,10.65927214234816
0791,59.97641514550614,10.672947435516162
0850,59.9389073931199,10.733679398031622
0851,59.94192100332215,10.727029562861741
0852,59.941967184080376,10.734226182431042
0853,59.94288905388429,10.745450769954722
0854,59.94619949745093,10.738011962490958
0855,59.951624402850484,10.732898488042055
0856,59.94727709007715,10.728028264088454
0857,59.956408778489994,10.731694934073746
0858,59.95303296878778,10.729878336348454
0860,59.96148210940203,10.734292280889356
0861,59.964819210342455,10.747142233095868
0862,59.96447771714621,10.738059642284526
0863,59.96812949952177,10.727703120591935
0864,59.964337440404336,10.729736007894983
0870,59.94860746889142,10.745774242609873
0871,59.94759268638052,10.754648602782986
0872,59.95077473236811,10.76120276243145
0873,59.953930008801976,10.755856362210375
0874,59.9602714527147,10.750632179246345
0875,59.95656483133086,10.735168071567827
0876,59.952718453541486,10.744342961405776
0877,59.946232797831385,10.744208960279598
0880,59.96021796589124,10.759569025323657
0881,59.962648447892924,10.762782691017323
0882,59.96398715839454,10.767652724307498
0883,59.960855518280276,10.768299238637718
0884,59.96728197331043,10.773118118851663
0890,59.997551550591254,10.741720239423758
0891,60.08197448784964,10.67974531268664
0950,59.94513522932672,10.861446956171168
0951,59.94877040196385,10.868301010873848
0952,59.95162880808002,10.87701057637484
0953,59.95301153003912,10.868537945413411
0954,59.95121657657338,10.850382068252838
0955,59.952829671304194,10.860980076433997
0956,59.955609995797495,10.855029228725098
0957,59.9668404275698,10.857302584129439
0958,59.97291458522648,10.870268765480985
0959,59.96252381003176,10.876970189941648
0960,59.96719579449231,10.876056186162883
0962,59.960091687321764,10.888755111782974
0963,59.9742926652682,10.881928075680074
0964,59.97541065528284,10.917710924198552
0968,59.97405002308917,10.928354009330587
0969,59.96944541335646,10.93080183647022
0970,59.96434359637968,10.895709351837665
0971,59.96617519946814,10.891489680357573
0972,59.975984699561195,10.901030067891838
0973,59.96859113244006,10.901482956900677
0975,59.945634408868,10.872797421824393
0976,59.95376824357021,10.888743974551376
0977,59.95324008143894,10.910638607836757
0978,59.95833341119958,10.908206037528052
0979,59.95019081015644,10.920617129405128
0980,59.94923718297392,10.934502414381996
0981,59.953999189246915,10.92462762642483
0982,59.95568712663309,10.93211272433254
0983,59.96140275797363,10.934556533558768
0984,59.95881388087252,10.917335200398291
0985,59.96193642976992,10.926174586608143
0986,59.96555149893564,10.925885493656526
0987,59.96532699100348,10.92068458460278
0988,59.96525126812075,10.912982361454558
1051,59.941350753878915,10.899271686202207
1052,59.94221057728099,10.893580402620021
1053,59.94366593700253,10.890057457525915
1054,59.9484007100654,10.898159021917305
1055,59.94477289689549,10.905002802678634
1056,59.936439761539724,10.897053399552476
1061,59.913134558382374,10.899248146881913
1062,59.9368835805378,10.913434907245849
1063,59.93857916649631,10.910184598065266
1064,59.93494450703151,10.922425746453028
1065,59.937586687359996,10.92392745728616
1067,59.93376584953394,10.887366741862923
1068,59.928171259631355,10.881535327195685
1069,59.93143886584992,10.877052087100727
1071,59.92881598467246,10.871796089133808
1081,59.93754383878069,10.871925715495998
1083,59.949693832757376,10.890734234933001
1084,59.94912809537493,10.906760217307275
1086,59.94182426229621,10.919858617706403
1087,59.946860654718805,10.920754812365148
1088,59.94283726906937,10.933995698010776
1089,59.94317295593479,10.94106176431277
1150,59.86632927221913,10.815173180226278
1151,59.86949196141531,10.811429145814918
1152,59.872643488610265,10.806947920361942
1153,59.87746311070215,10.811232016402972
1154,59.87631643712331,10.818275098423763
1155,59.87067583523479,10.819101386748592
1156,59.86806652446187,10.826613671620219
1157,59.86726820604574,10.818217195183031
1158,59.86425831517309,10.82235293324037
1160,59.87078190515325,10.792379926167817
1161,59.86945386909255,10.796833836351803
1162,59.86612750465996,10.792794038164281
1163,59.86543756368298,10.803183121551436
1164,59.85937848927861,10.822521888742857
1165,59.854765184219865,10.808746175941618
1166,59.855508103538156,10.79733855545304
1167,59.85340440306404,10.789485035639348
1168,59.8449506626432,10.782735547542996
1169,59.85312486620172,10.766591004753478
1170,59.86612390078028,10.786517399806252
1172,59.881308190912726,10.772794522051983
1176,59.876236248745585,10.79588269727769
1177,59.88027081809859,10.779427696007593
1178,59.886394836974006,10.785156913193811
1179,59.89116161145453,10.770355980417687
1181,59.89498061883291,10.780988777920278
1182,59.89373019869462,10.79584353461361
1184,59.88627509396949,10.799529558141204
1185,59.8832968761047,10.80624482292916
1187,59.88187203933557,10.826373447959389
1188,59.87010622370111,10.832750218597795
1189,59.863408890876435,10.833677608829344
1250,59.83664913306548,10.764147659456285
1251,59.828456520400565,10.782987030019484
1252,59.82766566391795,10.794220471264511
1253,59.83301715909717,10.785248576335434
1254,59.83711789323522,10.789036787886088
1255,59.83471435254666,10.794890754655581
1256,59.84054675788769,10.790947976963404
1257,59.84418194329783,10.791550508230957
1258,59.83860399026789,10.800052590541874
1259,59.82894757091163,10.799526336430214
1262,59.83045321114949,10.804316246332071
1263,59.82856655997038,10.818877821749973
1266,59.842728451166415,10.814729410618067
1270,59.834621299127484,10.831036906286922
1271,59.82564772374953,10.831875343452875
1272,59.83005825841952,10.832180244068677
1273,59.81998633210806,10.836034645036719
1274,59.82130952641209,10.84195303911308
1275,59.82900902662693,10.838624142313519
1278,59.84046270204953,10.83553090900962
1279,59.850456736244645,10.879205746285088
1281,59.845313383896894,10.829327398794604
1283,59.85096087508163,10.821391233795353
1284,59.85503105102968,10.828246277267443
1285,59.85516630273171,10.841822191244852
1286,59.84816102277994,10.81359488587817
1290,59.82931829175229,10.874625395527142
1291,59.821067656119574,10.853186905378502
1294,59.81939950411536,10.861737686640058
1295,59.81722062478957,10.877554948699002
1311,59.888643820335,10.554228978099749
1336,59.89737281749934,10.492248047271405
1337,59.88623439012917,10.544345589638654
1338,59.893447845749925,10.51266409710163
1339,59.910267049869304,10.468761606118237
1340,59.937621995923465,10.405837454513923
1341,59.8834077262767,10.415450322093912
1344,59.91535359839021,10.55596247317707
1346,59.913749432977234,10.524301164773258
1348,59.926390129049565,10.488488400924393
1349,59.929618151040415,10.471436212184768
1350,59.98936696056982,10.470137930716469
1351,59.90832799955854,10.495127439396816
1352,59.91886786925552,10.506267950833413
1353,59.93807632982374,10.514790716643331
1354,59.94299753533013,10.495189027802672
1356,59.94132566660903,10.560454553773656
1357,59.92170074657927,10.587817587905958
1358,59.928360137496,10.617249945205371
1359,59.969896092978054,10.578652937623172
1360,59.89813641161601,10.616054039710905
1361,59.944080733543224,10.606805432459389
1362,59.935794274308456,10.591673945623011
1363,59.897289271938234,10.570961751546754
1364,59.89124916309841,10.613855296777878
1365,59.89849640416511,10.545702279769952
1366,59.907177233631074,10.631444451142606
1367,59.86404977200639,10.599973143437309
1368,59.903791615967066,10.602174914673112
1369,59.91031921371905,10.60595145765609
1383,59.83260085576053,10.397810257956593
1384,59.85406505505792,10.399557316078514
1385,59.80554891373456,10.379717106238482
1386,59.817388641872114,10.446796140911868
1387,59.83399987544524,10.456078597640609
1388,59.81952727834221,10.423601561502542
1389,59.78559318696947,10.431565589950337
1390,59.81045527382036,10.506857681219198
1391,59.790785991188365,10.483197897651063
1392,59.82988658453055,10.509043772238709
1394,59.85496325923187,10.495087827484827
1395,59.8585513551239,10.464155719299038
1396,59.872792372138434,10.482005726665657
1397,59.85997225700552,10.53633496147623
1400,59.724928967705864,10.853738237707296
1404,59.802973705225185,10.97210340303948
1405,59.757944530492146,10.842649453124148
1406,59.720237262134816,10.81070404179424
1407,59.729613441664085,10.76057039966911
1408,59.66830120623491,10.902534555067813
1409,59.663288168358946,10.952044804920206
1410,59.80445386023344,10.794305719239992
1412,59.79708298764227,10.829653888837123
1413,59.81564084248826,10.818903709905014
1414,59.81771514994154,10.783108945159128
1415,59.77488485904407,10.806971559780981
1420,59.795735929636486,10.749872720660832
1423,59.72527084602246,10.808974232924232
1424,59.702293247020435,10.834447823880387
1425,59.7372641157299,10.920472241508122
1430,59.65032495007444,10.77995315976163
1433,59.66305744202148,10.743809590778383
1434,59.67736328254382,10.822477400546422
1435,59.631209257241274,10.83843020007274
1440,59.66250495895124,10.621325339554163
1443,59.690787512484285,10.588239057657319
1444,59.64539777362446,10.632724069738432
1445,59.68249427986596,10.653110354521896
1446,59.65858189891689,10.641062368786194
1447,59.66217741110153,10.649456353850743
1448,59.665133322488764,10.662797858858474
1449,59.675741232212445,10.678234873892354
1450,59.872073518947516,10.661225606667742
1452,59.8499675571274,10.643918508407442
1453,59.82433287898732,10.61058244818563
1454,59.749326443804094,10.584146001454268
1455,59.732596443557625,10.657065051126205
1456,59.86404234775175,10.698291968018873
1458,59.789608084973,10.603575871908474
1459,59.81262433988032,10.691159191002875
1461,59.92541249008654,10.933278405584405
1462,59.93491171914412,10.969726735417101
1463,59.9432180642893,10.969318738195637
1464,59.947262154538706,10.983494684191916
1465,59.95319421292116,10.998802714649544
1466,59.95879311191939,11.018869884563026
1467,59.94331334147389,11.007699515407696
1470,59.94081089672281,10.953796175487176
1472,59.93813043124254,10.991378777447519
1473,59.924007786263125,10.960368151045213
1474,59.92383841648679,11.002767496426205
1475,59.87750571447918,10.967679233700546
1476,59.91648364339146,10.933335199309761
1479,59.93311778757097,11.0212271846211
1480,60.01876734983476,10.915558256065898
1481,59.99220400288703,10.910574953343888
1482,60.055115199909814,10.873459137257534
1484,60.10324791350271,10.88853681704886
1487,60.118515708014485,10.8650638801599
1488,60.13082292430993,10.807647922781895
1511,59.43781674111537,10.642357135686929
1512,59.44122591750457,10.62619433382537
1513,59.44660031108,10.639747869229337
1514,59.486901461847324,10.625881893490638
1515,59.43199139052835,10.642633323718801
1516,59.4230551569879,10.640034212766048
1517,59.43151758100252,10.630777225188547
1518,59.445968301958374,10.613386571607208
1519,59.43140711853967,10.580008681701333
1523,59.42209618615931,10.677389946032097
1524,59.420316868273545,10.662824411307382
1525,59.40694446000033,10.648604255713046
1526,59.413753289141255,10.676315818326794
1528,59.42173510171293,10.68821375904348
1529,59.42441843290203,10.712394732264443
1530,59.436523307644784,10.670288861020428
1531,59.42940773940728,10.656199891204663
1532,59.429220219824316,10.66582865234735
1533,59.43036574621787,10.677595038817325
1534,59.447632170922084,10.674032204404197
1535,59.45029083402022,10.693491994563848
1536,59.46355317975493,10.69445195001305
1537,59.45977896579994,10.683172482275625
1538,59.47493452451653,10.687429441017942
1539,59.48708682396925,10.698223405141972
1540,59.58161700663541,10.745045609268601
1542,59.60277519106655,10.696721973105824
1543,59.61551553975064,10.745616099316473
1544,59.59246661861004,10.798039523753205
1545,59.60073213141626,10.656475914556035
1550,59.52220427701375,10.743161928975617
1553,59.542926318809364,10.672359360125025
1554,59.499254405002446,10.693875427052959
1555,59.513328015029025,10.679606621178001
1560,59.32830879828441,10.646375852025182
1570,59.379494249387285,10.66382736942188
1580,59.33311201908733,10.718962436016295
1591,59.43744389231925,10.822354355459833
1592,59.50305681645616,10.888650209577719
1593,59.44084122448213,11.00880004973642
1596,59.432690714667594,10.699035788672049
1597,59.43671935425941,10.685947500759077
1598,59.4423873999651,10.692169118436373
1599,59.46236666412624,10.737150402228501
1604,59.21572687294522,10.959280648304324
1605,59.22376200540493,10.948616259623513
1606,59.20782235993676,10.947207240912734
1607,59.21302805504087,10.939435744392336
1608,59.21633883416543,10.93107106595205
1610,59.22051896059215,10.921454119708814
1613,59.22996423728416,10.934247531449698
1614,59.23331516435257,10.918618970518253
1615,59.278500548124136,10.925515645926598
1617,59.23778179282884,10.968776393781617
1618,59.23291809964064,10.984540178337303
1619,59.226733918957,10.96907902868195
1621,59.21551073436382,10.895429867084022
1622,59.15583869449717,10.737996087272426
1623,59.253605356285135,10.846709555331092
1624,59.22988886060697,10.904091897599157
1626,59.27475272478114,10.765299677068304
1628,59.25146925578433,10.716089140436358
1630,59.17316302163183,10.97899965446578
1632,59.20572522374802,10.96071593694809
1633,59.204600309345324,10.971568119960118
1634,59.15080804004854,11.047000184974998
1636,59.21577579603255,10.974462669823344
1637,59.21242672406175,10.981986557819525
1639,59.21036596676411,11.003705365863699
1640,59.367863346196934,10.901583733649382
1642,59.29408483813598,10.759606693032527
1643,59.3231461908407,10.845601615288606
1651,59.22314279271673,10.985327254906961
1653,59.22982589353052,10.99370161481532
1654,59.22574358592749,11.006711367845838
1655,59.218193865588205,11.051978647455915
1657,59.242109317506525,11.034739842675632
1658,59.24765681050461,11.022500613277876
1659,59.24898553302342,11.084092739107096
1661,59.24790681398616,10.999159691827288
1663,59.254186363672,10.973749494381911
1664,59.26126622005309,11.008239224682473
1665,59.26910425453056,11.003939204190177
1666,59.26651607045836,11.02126216224002
1667,59.289770173822355,10.978476178451178
1671,59.206941539365154,10.924584532624419
1672,59.19923270524181,10.936897710959348
1673,59.193700466858054,10.93870200950507
1675,59.17552261990544,10.930177501730542
1676,59.146031856883,10.91741444353821
1678,59.202087671408776,10.909955411307017
1679,59.186140823046195,10.898513472052283
1680,59.024767177244705,10.997804380036154
1684,59.0190700985541,10.801336960947124
1690,58.99687977780114,11.041289694361312
1692,59.00931341940045,11.084961809163248
1706,59.28147515500294,11.121892283540102
1707,59.28704243933919,11.112336301937097
1708,59.362067624188086,11.083713787501944
1709,59.30106278675927,11.111540520635586
1710,59.29801067693233,11.096674041752467
1711,59.28184105888575,11.08488451104788
1712,59.31537715436422,11.038716249289452
1714,59.318307275896444,11.025165880397577
1715,59.27618683186591,11.065620022925346
1718,59.27053218390543,11.046335186653419
1719,59.31459213603685,10.994927311611217
1721,59.2738374360825,11.112925293246269
1722,59.270228324107954,11.081488264065335
1723,59.28615175936853,11.106971803712048
1724,59.27539732852391,11.099716376004466
1725,59.27960228652736,11.093720124447156
1726,59.29242033218298,11.129909955359338
1727,59.304487095673615,11.124887652855941
1730,59.302184773400946,11.26160618477379
1734,59.29859541326047,11.156022178940892
1735,59.3635790880905,11.197885859535415
1738,59.268721996343075,11.142462894980781
1739,59.27190830843141,11.188038701635328
1743,59.251545416491645,11.182388063792459
1746,59.22678078351296,11.243504000994756
1747,59.17731001565134,11.15798214567532
1763,59.19474477187265,11.343490807740382
1764,59.195490613957794,11.492648090382275
1765,58.97484655367798,11.484091836809654
1766,59.062364299101,11.572122877310864
1767,59.10955302946352,11.373761877644936
1768,59.11305173710718,11.391882956971036
1769,59.09816797780211,11.401632266775827
1771,59.12083532937581,11.370548547300068
1772,59.12615512319648,11.398402614175584
1776,59.124910375881896,11.382300451497622
1777,59.13060553822446,11.39194629859996
1778,59.13025166216435,11.380798465852106
1779,59.15199484157695,11.396455807098052
1781,59.12894559924504,11.366467437325472
1782,59.14150153395637,11.370528559835575
1783,59.13388605475716,11.35249427493473
1784,59.14395161793534,11.39153884886387
1785,59.14136062607344,11.413365223445266
1786,59.132415554756854,11.410669030992613
1788,59.12470697072186,11.306001973907426
1789,59.13785382086474,11.260963197716125
1791,59.13680081156691,11.442605022426148
1792,59.132338446986346,11.535641139032215
1793,59.10823439625701,11.469093008534005
1794,59.10065670571111,11.214598729653286
1796,58.966012703990124,11.61576207500964
1798,59.21375566802566,11.695251747887195
1807,59.589926612956525,11.169630453838652
1808,59.59716672904762,11.175991509121463
1809,59.58529408217155,11.186027873850362
1811,59.57950740504036,11.180041266416081
1812,59.59290564813492,11.19306435685939
1813,59.57520306840026,11.164531529519309
1814,59.602643656010265,11.194401986302358
1815,59.57139965721902,11.138321876980976
1816,59.47987937315385,11.151822383044973
1820,59.612885714099455,11.07327890485719
1821,59.605816962816895,11.08339981928147
1823,59.625825146161965,11.029672181840786
1825,59.661537122405285,11.002985679575414
1827,59.57523938325332,10.911348424059126
1830,59.58310216394064,11.16397507483407
1831,59.58096688284714,11.151938545128855
1832,59.59216179276635,11.129296857553129
1850,59.558821046204585,11.322269367591135
1852,59.56226835286087,11.380654321123478
1859,59.5798429261068,11.26639528966374
1860,59.64350860221937,11.345644896436424
1866,59.718773987359704,11.29350434569549
1870,59.49420108179368,11.648270103114667
1875,59.350845680500576,11.709266723804975
1878,59.54835737825452,11.473390811181224
1880,59.500055676751714,11.342847402296284
1890,59.42652667936086,11.348453141267324
1892,59.312330760085494,11.47337513744675
1894,59.40434268209192,11.383427113023277
1900,59.92523050764107,11.18155496012116
1903,59.86049951485561,11.254651991415209
1910,59.786511633729184,11.272719505664815
1911,59.81951587813728,11.157146380405589
1912,59.74785625929817,11.165736749567467
1914,59.733371551148515,11.046383278239272
1920,59.97270308055755,11.248328922853734
1923,60.027679086082316,11.238137467345094
1925,59.96038866450292,11.33009812457454
1927,60.029317859961616,11.33258369922326
1929,60.03774270335927,11.400106888092777
1930,59.946858435724735,11.587379399199573
1940,59.86918824254562,11.557893724968848
1950,59.713098885376745,11.806174623101844
1954,59.82370796046318,11.745039491448455
1960,59.8053619441915,11.44255508846229
1963,59.824938605387,11.53374186206177
1970,59.71125290194556,11.520035658576537
2000,59.95242690746081,11.100863673457598
2003,59.96483170991591,11.03764952467266
2004,59.950563006092864,11.06298091271602
2005,59.94515511052832,11.042999876550198
2006,59.93942193752362,11.026075454474363
2007,59.97661378315406,11.045464376357048
2008,59.91374367055037,11.067234905844625
2009,59.86623815901292,11.08421283516817
2010,59.950481809465224,11.012455897679171
2013,59.96937493212672,10.976787435306452
2014,59.93169401867453,11.038641593852272
2015,59.98781553272801,11.10855968603781
2016,60.02456692875011,11.122106411205795
2019,59.99144532647497,11.03330191944292
2020,60.01653663174894,11.013650989598496
2022,60.08079766312259,11.013035610763229
2030,60.21175365490202,10.927479866933048
2032,60.286131169274704,10.97770600695298
2033,60.16860189348736,10.985375174889013
2034,60.14285674696822,10.983236054160216
2040,60.089580297765906,11.204413079437606
2050,60.129058773189634,11.161132859441661
2052,60.140630312640226,11.212204213966254
2053,60.13487358067196,11.183389564080548
2054,60.22122626895329,11.1735881963625
2055,60.192414719206624,11.247770704781852
2056,60.14546532160363,11.275636216797238
2058,60.24022945834659,11.13546672751955
2060,60.18787451813602,11.098633905768605
2063,60.14182994566991,11.160772575590599
2066,60.139286071190966,11.151518625175
2067,60.15829739005559,11.124690625752738
2068,60.158354412416905,11.172963860240529
2069,60.15555170925882,11.191860852401959
2070,60.27142814698916,11.165156602170814
2072,60.256303202939286,11.215487606410308
2073,60.288129366037765,11.209219637086978
2074,60.30448221666045,11.137204353149862
2080,60.3485692120086,11.287011414630529
2090,60.43559504756522,10.949143307636627
2092,60.42780873011428,11.230547395769902
2093,60.510190508879575,11.155140433737424
2100,60.27570002490224,11.661166062311539
2110,60.31797067403063,11.774607663518875
2114,60.14686235273711,11.721500116257813
2116,60.25131532972465,11.84222625309439
2120,60.377095407149774,11.50859155967088
2123,60.47515614592249,11.453519627416714
2130,60.513560327516615,11.63161644075186
2133,60.43046716749279,11.640929254046993
2134,60.4112989009192,11.755081498532244
2150,60.08114300474382,11.584464689345294
2160,60.17673102869272,11.405631061669103
2162,60.22345508705712,11.318921759159808
2164,60.26693606585472,11.495998559181514
2165,60.10459084060292,11.35314679550576
2166,60.18471659331257,11.527463535314649
2170,60.248330216330096,11.384619413570123
2208,60.168163271873475,11.968803521328283
2209,60.17327354970996,12.04111596701747
2210,60.10836084133092,12.003819616248132
2211,60.18499426938142,12.089170880967178
2212,60.20731849863587,11.924344391441814
2213,60.23356150526746,11.999129617487876
2214,60.20714194448127,11.989578954486145
2216,60.24225982234363,12.09319731406576
2217,60.277815736341445,12.154015678827792
2218,60.28553801856969,12.344069863029652
2219,60.329292351481506,11.996903180287212
2220,60.10412640072655,12.17438122714471
2223,60.14966783943873,11.86075015738143
2224,60.12620866861841,12.360708739023952
2230,60.00724332231818,12.109546560226825
2232,59.99036164191509,11.974589489718916
2233,59.92957780257447,11.90316347645603
2235,60.038399382873536,12.161437464990017
2240,59.954990534614076,12.23215198413437
2256,60.44205524174616,12.453514601872708
2260,60.436102903308665,12.048401446249956
2264,60.384589654341575,12.107256379413753
2265,60.512290056112285,12.160971401014727
2266,60.5598608234468,12.042003066569652
2270,60.61676028512899,11.992094980535594
2280,60.72679436895999,12.066257172479379
2283,60.690107914239185,12.333618136873216
2312,60.75805631129799,11.104051025000844
2315,60.79878360873299,11.040958607139974
2316,60.8038896183773,11.026086911374048
2317,60.79124990155832,11.073072976777947
2318,60.80575695608357,11.091022224575536
2319,60.81735837107212,11.075414258052012
2320,60.85166773757682,11.03998767424612
2321,60.79508929745288,11.103998815165584
2322,60.79966379253708,11.181789409297627
2323,60.86764465060079,11.13958733241664
2324,61.00005708570296,11.14875880050823
2330,60.630957071127476,11.48034902755452
2332,60.72207938785043,11.389301330836432
2334,60.734154897752305,11.294012429256899
2335,60.697349595667966,11.168070782728888
2337,60.62258377574056,11.260183107766624
2338,60.53622423147105,11.333353344209533
2340,60.8531290456153,11.392374311525677
2344,60.769363830201115,11.247626761987283
2345,60.7776047539421,11.336367456433038
2350,60.75821650753363,10.938399062162349
2353,60.81309903227583,10.849611809515366
2355,60.84521559971374,10.77377486132863
2360,60.9119843697498,10.80117348931085
2364,60.99911127535019,10.811880948468524
2365,61.04595537941601,10.768978390113052
2372,61.02176965883646,10.6004149899163
2380,60.860454697635745,10.949914779064924
2382,60.88591698784348,10.94751464747197
2383,60.88759318299959,10.925723671910408
2384,60.87212435491069,10.869984539291345
2385,60.91910203366327,10.883968851320645
2386,60.9529735313592,10.91611175928644
2387,61.08987157932962,10.96573298068081
2388,60.88694163139328,11.020147231900486
2390,60.93492287578776,10.727398172349305
2406,60.87447424967242,11.517797688843757
2407,60.86192178379782,11.592110767502174
2408,60.88924010625332,11.56226534180653
2409,60.904883810998676,11.561410743219469
2410,61.040398045090754,11.695042251808868
2411,60.974293803977815,11.492058239018068
2412,60.9236805302431,11.968412123645908
2413,60.888246289844105,11.610648032680192
2414,60.872589689196815,11.575872895157627
2415,60.8531276120473,11.789860491602136
2416,60.80623332183707,11.774965253350006
2420,61.40758995250342,12.239784178663115
2422,61.211228193301324,12.455475012889488
2423,61.2723207534867,12.60385641768642
2425,61.42049172348566,12.6410541744686
2427,61.09561636379867,12.51090277775387
2428,61.13058264039934,11.945508403913365
2429,61.14186604200466,12.215821340282606
2430,61.50986534357941,12.001094949771984
2432,61.36215736870873,11.965902356602562
2435,60.760593697253405,11.860445893292352
2436,60.64679373012539,11.77564437799559
2437,60.65449817309832,11.892934818367415
2438,60.94565983599407,12.211264481947667
2440,61.72547360214756,11.903136691466303
2443,61.96903271483864,12.062169073399204
2446,62.218295915874215,12.05239336320708
2448,62.04886587745984,11.731219589176593
2450,61.229365179461105,11.37608183364639
2460,61.391215595895794,11.680229437560342
2476,61.703221563321016,10.644557153882841
2477,61.83057056534073,10.300708640539714
2478,61.86631782962782,10.771931954818319
2480,61.474706680196064,10.965566172622784
2484,62.00136384359653,11.252746696678274
2485,61.69989886735588,11.40920210313298
2500,62.33946072302287,10.580958128068863
2510,62.13013127820236,10.870765043790415
2512,62.59318182734023,10.355257436596844
2540,62.317151569183565,11.178553421246274
2542,62.47914098732388,10.746129739834508
2544,62.21784882439598,11.534823037638557
2550,62.52386964780412,11.13969020960723
2552,62.514903452400816,11.009990769990779
2555,62.277141959482435,11.739610573528886
2560,62.068437738868056,10.50868808321677
2580,62.171839616622535,10.00720004394089
2582,62.17912627361288,10.229087678550943
2584,62.17666417989095,9.780232491708125
2607,61.06716678786907,10.254026195682853
2608,61.10615244668884,10.31653059872727
2609,61.11012891245546,10.466836005297017
2610,61.13342586417287,10.801187277975906
2611,61.09760896715405,10.550888346878372
2612,61.16646311868872,10.719119802231853
2613,61.10060473382775,10.47376804526747
2614,61.07972806010543,10.489447898478883
2615,61.121415890903705,10.456857868618338
2616,61.07951669198736,10.628191330727063
2618,61.168693248837016,10.571021584090122
2619,61.127939791116475,10.437454097499486
2624,61.14156777698748,10.422729665219721
2625,61.17805328317657,10.33939251232456
2630,61.57801647785844,10.305657556566418
2632,61.66393397204081,10.094567027274937
2634,61.452746446305945,10.32778098607714
2635,61.36716484458501,10.464953492454224
2636,61.28324808772231,10.590980471983967
2640,61.59654164809628,9.647949658757367
2642,61.745447023764015,9.772688382271069
2643,61.47234315015016,9.242476561908136
2646,61.45904880788438,9.733373900647562
2647,61.631178246572624,9.967251684006369
2651,61.24854475585714,10.186425686203016
2652,61.33780120963952,10.085898989798878
2653,61.21442544276618,9.902490384116486
2656,61.22844706732977,10.288631840264554
2657,61.321051103192,9.658755997413605
2658,61.38951245037009,9.46873778218846
2660,62.15929390487321,9.33523609716267
2661,62.23757506581041,9.590213821648485
2662,62.01785388690938,9.54659729795541
2663,61.9239894831443,9.358093674784394
2665,62.24333430157844,8.889101422234646
2666,62.071716208145055,8.550571341198149
2667,62.18658966594305,8.492495005686626
2668,62.2003936599201,8.235482259686382
2669,62.270696926170274,8.17708432889391
2670,61.81361018795525,9.643675213608223
2672,61.85594341688257,9.392197676562601
2673,61.89316151157967,9.526343921380693
2674,61.80366311501561,9.691565977908423
2676,61.680245976367125,9.231946261633937
2677,61.69196660861917,9.403649071548946
2680,61.91003186948104,9.052884877413
2682,61.80929700648014,9.260976779237861
2683,61.58895666197863,8.890998032147728
2685,61.83505405529475,8.77422519443635
2686,61.73352474245632,8.579550318446381
2687,61.6472429701288,8.150224259325737
2690,61.86108109394854,8.254977943145798
2693,61.94343847637433,7.826226267892267
2695,62.02548487159009,7.50572912942258
2720,60.30266336629998,10.482829382968397
2730,60.301454826172716,10.558829735308958
2740,60.29238602062545,10.709524384826258
2742,60.25135934155504,10.638685798369009
2743,60.19586238277895,10.674946068418626
2750,60.362772616245415,10.679113114451322
2760,60.48018319594353,10.487944619549165
2770,60.439561470818354,10.624762138934239
2815,60.78925023916222,10.686890648862791
2816,60.77695676281505,10.712939270547587
2817,60.7612020227736,10.68031918448278
2818,60.77622790357319,10.671281276343583
2819,60.805988038226346,10.66797166716475
2820,60.753600280326495,10.76027704583135
2821,60.79611991341018,10.689307308917764
2822,60.80162401417609,10.475607277115778
2825,60.84448455835098,10.576474872787033
2827,60.76116536293645,10.531923136882174
2830,60.73194121616847,10.602931364100462
2833,60.7113789089308,10.568747972088055
2834,60.73526168522411,10.669551349247142
2835,60.71566933581069,10.622334961651674
2836,60.95772437332342,10.489960109766916
2837,61.005366191429964,10.442844137787825
2838,60.898424070534546,10.399035259889006
2839,60.96304934308683,10.241697239030803
2840,60.64845143676382,10.541515627895395
2843,60.575909965254255,10.620629409243953
2846,60.67112545235927,10.68804536015248
2847,60.56614398242461,10.768085365944003
2848,60.5962682495513,10.975645772475405
2849,60.72410040785331,10.851881407095314
2850,60.671705804090415,10.814672949482684
2860,60.72914918662443,10.368738248894688
2861,60.84137683851462,10.303964074755873
2862,60.77323604037878,10.301683782411219
2863,60.69107937192712,10.180328848261194
2864,60.65342990996745,10.415793048021945
2866,60.566419497877774,10.376882308958916
2870,60.86420651665509,9.980248409158488
2879,60.80506562968921,10.216031871655376
2880,61.07114756444727,9.870140739331175
2881,61.006779536100744,10.117607699162049
2890,61.0184640084183,9.58766818216002
2900,61.011312014131796,9.204740959816851
2910,60.91951845359231,9.40204028977523
2917,61.04189200393399,9.253666251220709
2918,60.932412531691135,9.033335332560247
2920,60.9570578359159,9.255699409124952
2923,60.85318868040441,9.170671216930273
2930,60.749247865862344,9.579258074999734
2933,60.8260412607535,9.386838606874578
2936,60.65026361896798,9.759318831940913
2937,60.66692892023421,9.906065540329788
2940,61.219322768820966,9.166877628499726
2943,61.13817173495246,9.280926870740391
2950,61.25032892003305,8.995855492325278
2952,61.25925581316867,8.815883615618983
2953,61.34991791365819,8.935120437896307
2960,60.99015369016675,8.890628415286262
2966,61.11045046875452,8.995247450357823
2967,61.08335011708495,8.842687971912635
2973,61.156832935500354,8.788290955013181
2975,61.19077133857319,8.59386208717003
2977,61.16138166550623,8.35735010639119
2985,61.27842652799219,8.266528260542762
3004,59.74902794886238,10.19794956656265
3011,59.74619595695195,10.225229929575319
3012,59.741934247951264,10.22991146614298
3013,59.73654026658175,10.237012170510486
3014,59.754717090608814,10.209516177700099
3015,59.74289352544293,10.212261675747914
3016,59.74924760921719,10.204422228584406
3017,59.7440303792338,10.203502991786431
3018,59.748071828527266,10.18436172729961
3019,59.7475580428157,10.196327114381806
3021,59.7815914074899,10.145729223762348
3022,59.75630854783499,10.1636265265154
3023,59.75122505956934,10.161474655930597
3024,59.75315804840065,10.141763268022553
3025,59.75757899709201,10.146910052764152
3026,59.76533885141943,10.142527122172803
3027,59.75274207900601,10.120190683542102
3028,59.75957757094844,10.120754115086154
3029,59.768587955899406,10.121981067822173
3030,59.729264727027875,10.155529358630695
3031,59.72157645564358,10.109599957386125
3032,59.70748781910796,10.158150295571918
3033,59.716329223146396,10.170269511011657
3034,59.71559518685641,10.21378600296959
3035,59.70107377958643,10.227719710663727
3036,59.69670162325735,10.261745745603717
3037,59.70135235342206,10.296905442153536
3038,59.71335649888974,10.253613681218164
3039,59.68039201459425,10.142022593999604
3040,59.728992302104515,10.250245460990138
3041,59.7268661223951,10.223975892113845
3042,59.71498190819954,10.196678325519464
3043,59.72942159071717,10.208139242108901
3044,59.73685269177906,10.20917204488363
3045,59.7417534222781,10.187313535182607
3046,59.73126273703036,10.186790108294266
3047,59.73904516287481,10.158845997545823
3048,59.74342776227041,10.134921235674522
3050,59.719829950389574,10.029859596725247
3053,59.758148433109376,9.964106650421044
3055,59.79919313445886,10.020405683592815
3057,59.79304724232515,10.076485379251723
3058,59.75953169447937,10.051904812172847
3060,59.631520906688195,10.368600653129674
3070,59.60719120008663,10.139576447897134
3072,59.55681577247628,10.233414087351504
3073,59.638417757274354,10.170727011459233
3074,59.64090162981481,10.251521780373045
3075,59.55267018694932,10.38075553145903
3076,59.58258850409318,10.248971291504041
3077,59.56543175603982,10.313835944312128
3080,59.49089723746107,10.363726879231297
3083,59.45790782655947,10.310179084897566
3084,59.483511591769165,10.313350635996441
3085,59.48410405982786,10.288549384646322
3086,59.51452160754744,10.275020696035316
3089,59.505950427896764,10.20144794286124
3090,59.53633916614769,10.056733794626403
3092,59.51607290404085,10.134686461032286
3095,59.61434349665374,10.022457160601256
3110,59.26830931434704,10.412920698779708
3111,59.27481127779006,10.405886862824195
3112,59.26408203131695,10.426419616212797
3113,59.26211628760388,10.447509802547385
3114,59.31023095695376,10.453522761351511
3115,59.266548480598175,10.397667371733021
3116,59.271979748097195,10.416539519522539
3117,59.27780483381115,10.423937738348801
3118,59.2838183015131,10.439691976597869
3120,59.24670998223389,10.425793540811192
3121,59.251488642561135,10.40440118131375
3122,59.291705137313244,10.422744395800526
3123,59.30585436657585,10.424636239191909
3124,59.250141496894756,10.467886180190769
3125,59.292309438349335,10.3946603703092
3126,59.26544220334698,10.409367978458286
3127,59.25839904325375,10.414144984313877
3128,59.260416520157634,10.388965597125313
3132,59.226940177873075,10.5647686631809
3133,59.17338160535579,10.562391012714231
3135,59.171222869657015,10.471306161190409
3138,59.19744674705147,10.446088066817007
3140,59.2061942208301,10.39306321859589
3142,59.241915588582536,10.39029732772795
3143,59.17447270620492,10.38504394871252
3144,59.15117020943119,10.352212271240159
3145,59.07363836289242,10.413285137430167
3148,59.001975501406164,10.529677901032317
3150,59.277036926594306,10.532423672725947
3151,59.27381854453328,10.462064655344415
3152,59.26765291287447,10.47107867120322
3153,59.317375346627216,10.532417550781936
3154,59.27993513098272,10.474574105018732
3157,59.33024525549884,10.395257499609219
3158,59.31172114143693,10.124276529085673
3159,59.22640508701479,10.349051550382168
3160,59.2304747902198,10.259013662361205
3170,59.286154996656116,10.349276388086746
3171,59.29663545221508,10.295716011647475
3172,59.26830203520649,10.365640039266454
3173,59.2543249364564,10.356251788530901
3174,59.39468135697692,10.244529267124706
3175,59.38376465084454,10.17235308113297
3176,59.37804866886527,10.34955864805191
3178,59.430841498317946,10.26692294876713
3179,59.344751645471064,10.481369623539353
3180,59.42577397181162,10.385027290105786
3181,59.41770994772989,10.477407684650421
3182,59.41300986786713,10.47194240321732
3183,59.40210529101349,10.525549771745448
3184,59.37450654674337,10.453803912435518
3185,59.37977760791049,10.40401097391307
3186,59.39931179567679,10.461175539374187
3187,59.40974992747073,10.48810236366041
3188,59.41216668075624,10.461471021878381
3189,59.45082827046989,10.439614408513545
3208,59.126174683434215,10.21933292817212
3209,59.10839879385354,10.217077007722285
3210,59.130121104884914,10.226648112264483
3211,59.13303314716834,10.218001256202687
3212,59.11847563112588,10.21508963885468
3213,59.12219756702904,10.199707113939066
3214,59.13620032653476,10.196108709156233
3215,59.14197040388364,10.210286762238923
3216,59.1390014416817,10.23038937196834
3217,59.12984756864096,10.240111778124016
3218,59.13367216827947,10.272201649144462
3219,59.113763012556035,10.250021281955753
3220,59.1692907914395,10.133593711301172
3221,59.14244832681151,10.188044825403937
3222,59.11125017395616,10.235524282993032
3223,59.13480451616814,10.16882098242489
3224,59.12940476190359,10.19021420036775
3225,59.15480577525942,10.220080005568207
3226,59.14880871107811,10.208949205812852
3227,59.12061080966646,10.25590613349784
3228,59.14324232415569,10.253657114910252
3229,59.14616967047339,10.237806633914042
3230,59.09326380837936,10.223292360030186
3231,59.08758044344529,10.207091393773501
3232,59.117529436065006,10.153435112452895
3233,59.14655403774614,10.309077802723438
3234,59.0042197924867,10.286917647035523
3235,59.1279571617379,10.247602452464623
3236,59.12550120767361,10.26560296299044
3237,59.01985316155018,10.327722152368759
3238,59.13792718770936,10.205529931560822
3239,59.179717232518776,10.24120969748642
3241,59.17689425235031,10.219845186991945
3242,59.14992942278961,10.15090823307441
3243,59.237296418656655,10.076398811499788
3244,59.1295874329103,10.180180347966763
3256,59.058344559788246,10.020833212351077
3257,59.05391298505331,10.0386666477928
3258,59.05489515732379,10.05315861405305
3259,59.058955941210954,10.059125175633191
3260,59.02533583561831,10.06532647114945
3261,59.034932036006516,10.09206111932713
3262,59.051656464353925,10.060044283444737
3263,59.04268172313811,10.041697203579103
3264,59.04253559107563,10.019421960906245
3265,59.035734818817126,9.992879139054713
3267,59.02052595260247,9.947887132452697
3268,59.097866960702284,9.910228052471904
3269,59.067077082251934,10.028496498027646
3270,59.12303589840599,10.065765059069893
3271,59.10095944118575,10.01899102725329
3274,59.06507692270519,10.054763435477449
3275,59.411964862999575,9.922222420276723
3277,59.32632280421442,9.863935509776155
3280,59.00922994679251,10.199938544989807
3282,59.22127650892673,9.958468745875964
3290,58.99907416849571,10.047391221309487
3292,59.00890372248849,10.019559202291044
3294,58.92471295682315,10.005325918959704
3295,59.0132045464116,9.831464284878152
3296,58.973909561703216,9.844821323928327
3300,59.77218849849644,9.914818278258576
3302,59.77672574557855,9.831242633766946
3303,59.800336867491076,9.942426204113618
3320,59.71413157524587,9.86893797799306
3322,59.6580371602779,9.842440943223
3330,59.85768134577803,9.826461220050497
3340,59.90970195984673,9.888462698873484
3350,60.04556856862376,9.59890902711165
3355,59.96067647788513,9.70651236137637
3358,60.13350426349032,9.37436250577383
3359,60.26078512134052,9.309518854105404
3360,59.91734376784665,9.98087356403791
3370,60.013422951542765,9.99020167282149
3402,59.78018714598797,10.208567067014107
3403,59.79506945988906,10.251189753923953
3404,59.81028356204118,10.176537671050685
3405,59.860427866050365,10.160441461320035
3406,59.84442982626661,10.2776308968446
3408,59.80942050010889,10.272521088424774
3409,59.82767372905856,10.286522678931556
3410,59.92095676991455,10.257891664574615
3413,59.75977890937272,10.2232363072405
3414,59.75651933466898,10.261172873299708
3420,59.819838987268,10.320547336948545
3425,59.78466345809631,10.28563625784548
3426,59.76207852593153,10.294466862101554
3427,59.73693143734629,10.300948572165291
3430,59.757738121603126,10.342475375735253
3440,59.74068890988161,10.41766596394891
3442,59.70317268163502,10.38024544122821
3470,59.78496139310177,10.508947926305192
3472,59.75685051984228,10.463346308735922
3474,59.700741878041256,10.49314069356899
3475,59.65080966024157,10.550095320733282
3477,59.7279631448431,10.524050653579652
3478,59.75474681468862,10.512594158635443
3480,59.58730935103274,10.585957010975953
3482,59.51988082367059,10.552709301860311
3483,59.54831796003436,10.487606575489654
3484,59.52144810905835,10.448752304052555
3490,59.619497442155684,10.467121217074554
3510,60.15921724314845,10.246500537506835
3511,60.14727469433056,10.270543914481864
3512,60.10074501118559,10.42719716556146
3513,60.16751962932076,10.27591345897712
3514,60.1789545482733,10.375122577738415
3515,60.1834623510298,10.258071386871743
3516,60.347748026986736,10.079420615915282
3517,60.16953640226965,10.221356628890714
3518,60.19569534409599,10.172577061018258
3519,60.143675258751166,10.141201379789056
3520,60.27530915760422,10.3922635511529
3522,60.5081087481336,10.247771105454031
3524,60.54505676704137,9.976868915254425
3525,60.37438186593735,10.153862005190033
3528,60.587107065228004,9.62047492187442
3530,60.06337367026649,10.208795992671728
3531,60.033483723038216,10.340872962704305
3533,60.0973918934758,10.039893156994212
3534,60.28378562791525,9.911865447512596
3535,60.15261993183267,9.753551297060488
3536,60.23099614705747,9.602121849630187
3538,59.98510937491608,10.333221211309043
3539,60.41591892253535,9.502578054014009
3540,60.55142305838886,9.072611417692078
3544,60.46800830877388,8.7100759997071
3550,60.74723762611967,9.000117001201955
3560,60.91090197890022,8.467036323475392
3570,60.71637245704012,8.333943622892988
3576,60.62293579570812,8.318652000621162
3577,60.69102178469984,7.887424731502811
3579,60.683222976340936,8.708856517545517
3580,60.48622970506622,8.225240467975341
3588,60.39653200925425,8.319366321295378
3593,60.50247774837002,8.015005829260078
3595,60.49725493279927,7.828733182765473
3608,59.60026580467457,9.632446930579222
3610,59.64824076600146,9.667634641423396
3611,59.68040306618257,9.647440304799414
3612,59.67141381992805,9.683538792872698
3613,59.67355095645432,9.657632241005627
3614,59.692740686403916,9.52840393132671
3615,59.6360842685817,9.638546080029165
3616,59.658925689001,9.619550231246427
3617,59.68042699212138,9.630489952857515
3618,59.564540858370684,9.671401276061953
3619,59.63438834807867,9.70239597686703
3620,59.87495326216818,9.338272652385177
3622,59.78302632560017,9.557918551892792
3623,59.8336946454992,9.516111959199987
3624,59.93322329315943,9.533005072462682
3626,59.979575955447544,9.296853561834704
3628,60.046516753275945,9.148178651845619
3629,60.175997348145614,9.02622897526399
3630,60.33949156791946,8.972537849147324
3632,60.27040222459734,8.22951422882666
3647,59.5245670277729,9.931109793577912
3648,59.4838555335136,9.758383065558299
3650,60.09574804734214,8.710002120197958
3652,59.88467779697722,9.046780649264537
3656,60.04422496548308,8.365866701400227
3658,59.91479245312014,8.750757199935636
3660,59.873393147239675,8.441718998886106
3674,59.554339517568636,9.260942056743312
3675,59.575272878418566,9.24565848630698
3676,59.57908261944345,9.204774170504038
3677,59.55889834967598,9.060108542990614
3678,59.57732967192706,9.267846018040652
3679,59.578732789346994,9.283121879517056
3680,59.70185725684399,9.257574900488507
3681,59.56251292569915,9.278541468310213
3683,59.50701556070893,9.39180391919365
3684,59.565600777662965,9.369580201436893
3690,59.68682548298255,8.603095335594833
3691,59.750215456534974,8.988241990266832
3692,59.618350715550676,8.859815710117687
3697,59.77981026077123,8.723148396176672
3710,59.19178988959542,9.593444829287282
3711,59.191279634714235,9.721194245209
3712,59.16537773126032,9.650037944576429
3713,59.17981789086593,9.6442160380794
3714,59.19872928337274,9.636615132133889
3715,59.21387536404884,9.616777393563689
3716,59.224749386819404,9.594312930028291
3717,59.21279201023505,9.603495560135968
3718,59.2062368048969,9.581961500537036
3719,59.2278985199898,9.663604705758809
3720,59.22848089196828,9.483998435438469
3721,59.35120461524831,9.487416195407476
3722,59.211247695256525,9.592512197249158
3723,59.21589668562724,9.584635273923126
3724,59.199675418616145,9.614988695261907
3725,59.20264047816429,9.59743254260163
3726,59.21623026389237,9.569718812220955
3727,59.209836460478485,9.564032143517197
3728,59.19215697365806,9.570094208957425
3729,59.189106977770784,9.406280594642189
3730,59.19566349232947,9.598918263728503
3731,59.1999452277363,9.512313288584695
3732,59.19415978364545,9.615321431042682
3733,59.18627582696645,9.598297342303068
3734,59.182476443823795,9.607095280123202
3735,59.173067824295224,9.608326951810115
3736,59.16596047072181,9.629356067569251
3737,59.151810482667905,9.620258115483276
3738,59.15006578694756,9.606821527771324
3739,59.12175531537719,9.40621363608602
3740,59.15786150397306,9.599123517359882
3741,59.22525033709423,9.559312546937708
3742,59.22348089844441,9.538700828812672
3743,59.218366398987385,9.555675012408848
3744,59.208704069776296,9.554857760702145
3746,59.18992448229259,9.634745540251156
3747,59.21804752691176,9.587807052477466
3748,59.32667056416013,9.722670740678774
3750,59.09550856137165,9.015404986896595
3753,59.20881464992763,8.760493974774866
3760,58.961313701610926,9.129099566078855
3766,58.897371501301464,9.277449486546063
3770,58.883610472489764,9.40302282435052
3772,58.88354473971241,9.349550471760631
3780,58.85094542247389,9.50585756423916
3781,58.84979149456226,9.670249098930377
3783,58.88980468288241,9.509917276274935
3788,58.788298842765826,9.430278117626091
3790,58.91537704634984,9.436795836280924
3800,59.41172766359522,9.059791843408956
3801,59.39943050418553,9.093908254501196
3802,59.42096322962162,9.066814735983115
3803,59.41238847816637,8.947098468020824
3804,59.48159445684432,9.071300613383949
3805,59.45856606004946,8.849968532174726
3810,59.39118414224341,9.183677852780582
3811,59.42706823239808,9.139791182185949
3812,59.42471929044442,9.272728805915568
3820,59.41754735544103,9.348226612801787
3825,59.2811970885588,9.064526005292274
3830,59.2582166329964,9.29053477853523
3840,59.4369681025839,8.702112780088374
3841,59.57873586792579,8.48383162514347
3844,59.69442444619269,8.355623793190578
3848,59.48896880399801,8.38668225783545
3849,59.365904508733216,8.237924628808655
3850,59.39109961061124,8.51712294507546
3853,59.29877414062487,8.460503782431344
3854,59.16339589948677,8.589851091957218
3855,59.05933129890637,8.489770931679677
3864,59.90030822203304,7.892049806308091
3870,59.16136152940635,8.055248532961574
3880,59.45908713304946,7.761639399490641
3882,59.3711537431744,8.060657084026019
3890,59.60022328142004,8.009389478305138
3891,59.48792796492214,8.177871189050888
3893,59.64204525033506,7.722554978701012
3895,59.80008269077185,7.4296002150783105
3910,59.155958435199686,9.665319880472445
3911,59.15238799079021,9.662690694053254
3912,59.14765567743266,9.659375128946737
3913,59.14775106201586,9.670913986468172
3914,59.14866250688972,9.692342742734573
3915,59.14280268219587,9.656333098679172
3916,59.13658401274586,9.657535119488655
3917,59.12965081988345,9.671139651809906
3918,59.13700798931198,9.683381818943934
3919,59.147069398457226,9.644495007636172
3920,59.13632991141081,9.624548639282093
3921,59.13746939164702,9.64433909762338
3922,59.13411860323893,9.65120572788566
3924,59.125869371606555,9.656993880609585
3925,59.12559619581239,9.64926625280233
3928,59.11445859363681,9.662618752317716
3929,59.1156815936898,9.665624623726604
3930,59.10869536063513,9.675204245656428
3931,59.105320308600206,9.687087245991135
3933,59.130662815071126,9.631327055564174
3936,59.11467537189109,9.631070246583278
3937,59.101373734075395,9.651560747786949
3940,59.07939689489009,9.65908076316557
3941,59.07697896437846,9.694177616475395
3942,59.0953194780746,9.677897767217765
3943,59.09086655444255,9.696820663889582
3944,59.10910203947637,9.702622544553419
3946,59.125170924968636,9.695660483715377
3947,59.10430326023016,9.798195596531468
3948,59.16933444098477,9.796106521560018
3949,59.0720455750928,9.751458838096703
3950,59.045759676547725,9.729193705295112
3960,59.043411517025724,9.69392936165488
3961,59.01146307140049,9.706352337286017
3962,59.062114253474405,9.632415878966965
3965,59.098646899761505,9.532168595292406
3967,58.99357703639708,9.54220597586468
3970,58.99786202712011,9.747359313901674
4005,58.969593310037546,5.729607247494663
4006,58.97379664859376,5.732144715022573
4007,58.980126239398764,5.715832162042955
4008,58.96753068429465,5.724854693133547
4009,58.961676131889256,5.713940775608569
4010,58.96059999060651,5.731315834256899
4011,58.955129392623846,5.732622176752977
4012,58.96144773634398,5.7435033094755035
4013,58.995846521459804,5.799545462263288
4014,58.969472492458316,5.758948095535353
4015,58.957878970880394,5.773839917670343
4016,58.94611362200045,5.744740944607457
4017,58.93766444619734,5.752605887380374
4018,58.92780247900082,5.74557483790751
4019,58.94481435736634,5.718782238252734
4020,58.917151271909766,5.719701314845657
4021,58.94549551557897,5.702471487869455
4022,58.95986458931862,5.689336805769323
4023,58.968559509890596,5.6881630508318395
4024,58.97123908812311,5.712366990103171
4025,58.97576128758876,5.697252530316174
4026,58.98006542674635,5.704782204156825
4027,58.98220558226787,5.674801322744453
4028,58.9909719019454,5.6797528783037174
4029,58.99643277574559,5.678520917506504
4031,58.891775688038805,5.746367620764336
4032,58.90513900188749,5.741339586926586
4033,58.898277876287565,5.696112793252589
4034,58.89762230170954,5.721386103545163
4035,58.892004804960415,5.717300163359514
4041,58.94543532062647,5.684652703117644
4042,58.95599843335848,5.667295934228903
4043,58.95310699039417,5.641807475429874
4044,58.934480934104606,5.675729179212475
4045,58.940563803319314,5.6508076649238905
4046,58.954826451654895,5.626206812290214
4047,58.96717434134734,5.645292810628635
4048,58.96715796498907,5.593608370054432
4049,58.97114510066163,5.61154599953145
4050,58.88609568039445,5.6544979973481215
4051,58.8735615435991,5.66305331838755
4052,58.91458098711288,5.673598221748594
4053,58.85383557913756,5.471737541582422
4054,58.84467575740407,5.604989746340832
4055,58.89928278586566,5.603273476004952
4056,58.89953932921374,5.436510828991832
4057,58.941264698710974,5.403962596982097
4058,58.966382271807554,5.506409309308546
4070,59.000574763809105,5.627944271979671
4071,59.01442503819994,5.54004658792311
4072,59.01350413030183,5.643704738741391
4073,58.98382180837674,5.6330840562640905
4076,58.994589680197734,5.78793515757439
4077,58.9860099676034,5.7285377509851685
4083,59.00914607805522,5.720471014184066
4085,58.99333050467942,5.753426958824975
4100,59.01361557177785,6.004161751516689
4102,58.99516171393097,5.918346305832
4103,59.03016885052008,6.027887441075015
4104,59.04944892553672,6.072221913821963
4105,59.01222382561357,6.116566832191016
4110,58.943486702760694,6.2900041608693
4120,59.06549083384571,5.896833001475447
4121,59.08358094474143,6.013365051688317
4123,59.046221663785005,5.820475549903765
4127,59.09362283868011,6.703453569383452
4128,59.018195777985255,6.425992238982874
4129,59.04292667269434,6.36309982118256
4130,59.24373296002653,6.3237275035117655
4134,59.34386354114271,6.627522813052159
4137,59.161038255328926,6.462189422738274
4139,59.164353026738404,6.082073668322408
4146,59.28859564780383,6.184438013890707
4150,59.126766577239756,5.6615507061771755
4152,59.03346235414306,5.694044909371548
4153,59.08005169406051,5.814863679125112
4154,59.04347920342343,5.755009549157374
4156,59.085802738601146,5.608775146011822
4158,59.046840941066336,5.639352474253119
4160,59.173655826938315,5.7858057401759515
4163,59.10840530327612,5.83569607928796
4164,59.13358216336409,5.9090669597378715
4167,59.13692749110843,6.012861663457278
4168,59.153422466851815,5.9798748713193035
4169,59.1669940362944,5.942772576441555
4170,59.251287321346275,5.790182751515544
4173,59.22674203718772,5.886833775479713
4180,59.03918322511065,5.363976444240297
4182,59.19368865201238,5.9425762068554935
4187,59.26723019526123,6.001611321831655
4198,59.327365003022265,5.958892891220154
4200,59.71380988415448,6.4838858694782635
4208,59.59493461921536,6.238556031549925
4209,59.56777063512826,6.440878528514811
4230,59.452096763545114,6.343997068372824
4233,59.36052683577117,6.262105744078538
4234,59.36749982327585,6.104496788199867
4235,59.424237025235485,6.028032293019457
4237,59.50103784038276,6.679605589770117
4244,59.6494481692899,6.918140677873778
4250,59.26009380743327,5.297613941289405
4260,59.392863270234294,5.232783507271106
4262,59.34989909431757,5.249503535238101
4264,59.33242847401841,5.1746690525477685
4265,59.316099625256534,5.288333173317275
4270,59.24516311868481,5.137402578623503
4272,59.16575525452138,5.0821440434247425
4274,59.209258812074104,5.079380132988945
4275,59.276397216644426,5.157042462582869
4276,59.27672977317895,5.077033283417379
4280,59.12337546972417,5.229235040832865
4306,58.84511368679175,5.738606938736176
4307,58.86237902848347,5.741594624269839
4308,58.872184828900245,5.946765032655261
4309,58.86056819683311,5.790462257448044
4310,58.94838706043504,5.827581368935718
4311,58.93569227369073,5.864571562589056
4312,58.842538527699794,5.670094814626351
4313,58.879847748321744,5.712762298985009
4314,58.88054058449216,5.7317384047692
4315,58.878806222443586,5.747231169648416
4316,58.85875989892295,5.7200233532938976
4317,58.86293314678298,5.729525814448419
4318,58.84395669627684,5.712555895981358
4319,58.84729303636086,5.723859401319239
4320,58.82862413258675,5.732820038052606
4321,58.831167163223654,5.712842122147072
4322,58.8128956136351,5.691606552023169
4323,58.81134469268644,5.727567724068647
4324,58.816152172593895,5.750094699193103
4325,58.83351133179841,5.750274892482914
4326,58.84294163717911,5.766021744305559
4327,58.85093379047277,5.757497432906069
4328,58.85896689308826,5.759694012863881
4329,58.89037311493409,5.784649011752713
4330,58.76719164978456,5.8418114417375415
4331,58.76580666160988,5.884924393876373
4332,58.79543402098344,5.837993170299346
4333,58.83670640010949,6.062455881693376
4334,58.75626886156969,5.994382944186679
4335,58.84141570320544,6.4049581728592315
4336,58.813355418730474,5.777706098029762
4337,58.82020567629209,5.814354780239824
4338,58.844567097285534,5.797995668980723
4340,58.73200615360652,5.6342867195034065
4341,58.746667722729036,5.621876850647544
4342,58.679873905271116,5.819575770777319
4343,58.706823781340994,5.494537725008254
4344,58.72487823154617,5.642642451984119
4345,58.730916218647515,5.6712021655566955
4346,58.71092116243911,5.682880994426007
4347,58.733614729860925,5.745568953107654
4350,58.77235531793457,5.635620058366789
4351,58.78923823567634,5.638275237473705
4352,58.76496454733568,5.475200662448396
4353,58.78095304897703,5.68469930851771
4354,58.81441087037635,5.489192419089828
4355,58.77246450529969,5.751602916678861
4360,58.606610168637424,5.637498639632087
4362,58.56085559861969,5.655232944743972
4363,58.54514453355197,5.750634503940718
4364,58.48740484602989,5.766952799521559
4365,58.65533113619359,5.569520658712549
4370,58.45419942981243,6.013013093810988
4371,58.4364805327267,5.996078747706227
4372,58.40500439212636,6.086572292830615
4373,58.48321829086576,6.034803286718779
4374,58.399181741270574,5.894089572220243
4375,58.50405573443213,5.911257980519953
4376,58.54646813264997,6.246775160952452
4380,58.34993063418319,6.284600211894329
4387,58.59020856737165,6.0721170211992845
4389,58.69366076169758,6.256307970175878
4400,58.286790135668134,6.649868794188985
4404,58.28060516085055,6.572152711556483
4405,58.29662876702399,6.6866785524216725
4406,58.38750130197051,6.696490766808286
4407,58.27206629434873,6.7193672421455535
4420,58.21372079915907,6.40869060500984
4432,58.22093973475416,6.559947494384703
4434,58.215777966122076,6.666515587603646
4436,58.412818162140326,6.821200062494349
4438,58.520334125958186,6.649378361223594
4440,58.73203931821733,6.746088258845742
4443,59.00097003889675,6.9335549342235225
4460,58.41120636541352,6.5432499731413785
4462,58.55083295247391,6.521075678182689
4463,58.506098305044176,6.360316417380751
4473,58.67670564848259,6.987688751676894
4480,58.406257764024105,6.990047685283442
4484,58.28916101625427,6.884719485795069
4485,58.27998496940691,6.800475694926773
4513,57.963419611244845,7.37735714565073
4514,58.02375109608681,7.440959976106305
4515,58.01489899604962,7.477391144808648
4516,57.98409874714377,7.606262783093748
4517,58.0589913663565,7.4634823412079925
4519,58.1120681132794,7.498407561583047
4520,58.12978421896734,7.317355625255332
4521,57.97671713522632,7.136605530698418
4525,58.3070586183596,7.352294127337745
4528,58.48314343948664,7.479889354093582
4529,58.434965079627624,7.3973641335215
4532,58.170606566427985,7.614549290991234
4534,58.237074668997685,7.522474570624615
4536,58.3959356605265,7.544936205796129
4540,58.73163926691334,7.389364792416608
4544,58.557644819942546,7.446959768940771
4550,58.07922729374765,6.81185051719219
4560,58.123030460752126,6.642652267034864
4563,58.08810060328383,6.5211870165899315
4580,58.150505456281046,7.058425531298403
4586,57.97742814360049,6.956406623205149
4588,58.2542248258097,7.17871685106415
4590,58.32808697570648,7.1854016220255685
4595,58.39179514356096,7.219937279292441
4596,58.534848573812745,7.193997986335667
4608,58.1460505484568,8.006601969431248
4609,58.187346072829435,8.140196868728822
4610,58.13596976544099,8.004407477586758
4611,58.144368414200066,7.991032793705587
4612,58.14763383037958,7.988418574424842
4613,58.138300557638445,7.975801404682679
4614,58.15051123688065,7.997714133496984
4615,58.16182021956801,7.980065272945823
4616,58.153032766543944,7.971505169222818
4617,58.15920509290277,7.933609047077267
4618,58.18858350077097,7.9082824678618655
4619,58.22608599230563,7.8937654918012745
4620,58.12611943313631,7.927599787145104
4621,58.12686134322585,7.967949737088826
4622,58.113949435583805,7.920828721940859
4623,58.113277058619346,7.988556847871846
4624,58.09535098773907,7.947613407842501
4625,58.03843632090075,8.034553784514962
4626,58.13538024659759,7.927407252558939
4628,58.14341693503902,7.905130411523029
4629,58.146321235626246,7.952962955713821
4630,58.18589609690981,7.972964937921121
4631,58.14749890532028,8.018111924030258
4632,58.14962834834639,8.02911944810021
4633,58.1730473200976,8.028812453960253
4634,58.24430038248764,8.047484113770558
4635,58.1719884655761,8.08718265497772
4636,58.18264356641742,8.142452159371707
4637,58.14428987254484,8.04983923248269
4638,58.15109248650127,8.079711297222213
4639,58.086731486416475,8.149137610199649
4640,58.09893826733804,7.826840766712374
4641,58.02037808357682,7.788985032071362
4642,58.12850831359253,7.719398173913205
4643,58.06380279391816,7.897615665996235
4644,58.05286580629761,7.809680813889723
4645,58.1948632225838,7.783823584298701
4646,58.29794708886313,7.622058283555873
4647,58.13617151182136,7.863380060098774
4656,58.19183323412786,8.100530389730288
4657,58.20299381319822,8.07607943918254
4658,58.23687950014376,8.139802458709429
4700,58.27216503441956,7.971191911924116
4706,58.276469905492604,7.934172987187675
4707,58.31736036081194,8.013241516763694
4708,58.239802249300325,7.967087670611927
4715,58.30704279104832,7.822190486267919
4720,58.392255929381605,7.727626110639105
4724,58.45838391708703,7.920147160343236
4730,58.427036940962225,8.063320543477854
4735,58.601713541082376,7.93538487700149
4737,58.55036800473311,7.665287293056382
4741,58.70625514351554,7.752458788603456
4742,58.711278880058146,7.904442830690094
4745,58.90979223005095,7.6334972951652675
4747,59.2407922992652,7.438291987258331
4748,59.07844075807647,7.4246821361298885
4754,59.388529822931986,7.171203043591254
4755,59.58423807131751,7.300735682978996
4760,58.40423059119728,8.24131277915595
4766,58.534109828446105,8.354736164220647
4768,58.53237373940733,8.120631513172855
4770,58.1259638395571,8.288775276190878
4780,58.1726734402838,8.416634327958825
4790,58.24585291672457,8.36775625164778
4810,58.52108910015285,8.898217289169866
4812,58.48132601047612,8.990730361349387
4815,58.492956861767794,8.835397803170949
4816,58.44280377943451,8.77105319151759
4817,58.391575046613504,8.841174794087264
4818,58.43669785000741,8.892789222927643
4820,58.57984575074434,8.62620364895477
4821,58.43914619420102,8.586721352223782
4823,58.41376963326043,8.69938338800636
4824,58.44009527404649,8.683282558296511
4825,58.447825594767465,8.728847264740986
4827,58.53890196454095,8.54938391618764
4828,58.535691307179874,8.457946190798946
4830,58.59850298526198,8.372784146916747
4832,58.64292454866913,8.263145993650818
4834,58.716553438125935,8.082176163696122
4836,58.458135826224385,8.761136362597682
4838,58.46527820521173,8.759802793254233
4839,58.45252716909379,8.745607878257967
4841,58.47071996832136,8.802129011753266
4842,58.47799023117807,8.801580724295569
4843,58.477283747171974,8.78742963375876
4844,58.47666114700516,8.774605287617014
4846,58.48000968499698,8.760406507664685
4847,58.465348306110414,8.748134737104643
4848,58.48459780670317,8.707861602623492
4849,58.54596144292242,8.799196916663597
4863,58.66655720370881,8.639331483017278
4865,58.8566231844973,8.463401040000212
4868,58.69391542083721,8.637531318041534
4869,58.78980401687686,8.213200932715827
4870,58.35629320991411,8.761308635329948
4876,58.33705175787496,8.590371415269486
4877,58.34549037300512,8.575783242310317
4878,58.35512380292933,8.601145435375189
4879,58.318813151706756,8.56852070115526
4885,58.31267089377028,8.663132388169787
4886,58.391008553123605,8.44548433974442
4887,58.29072489973826,8.496001037556661
4888,58.23350679673773,8.563579397241982
4900,58.614885865296465,8.913688335587858
4903,58.65993400719075,8.938584400424876
4904,58.62462691130584,9.006530491739587
4905,58.585866997787605,8.897158620407346
4909,58.693708109379735,8.997285732294534
4910,58.622546498491154,9.17718061502095
4912,58.650231288901075,9.114842812034777
4915,58.56983340607553,9.139656109765419
4916,58.581671016249864,9.014358574817265
4920,58.537157780497324,9.02286478126127
4934,58.63612091982043,8.82208157740633
4950,58.7087751172331,9.291937164680144
4956,58.705822638455366,9.180844343621484
4957,58.670483283888125,9.179499403997102
4980,58.91501466396186,8.928240937728336
4985,58.7625913937604,8.838463276125351
4990,58.7704012379077,9.201973022777212
4993,58.83427003478761,9.082008402268944
4994,58.74261987137483,9.022873039015773
5003,60.402250926334176,5.310164116935304
5004,60.397868012740005,5.314372332746481
5005,60.40295689458961,5.29681670889559
5006,60.38559581027984,5.31911691785007
5007,60.38673300516585,5.324095538353744
5008,60.384217310004466,5.33447548603622
5009,60.37908785500701,5.357186205722162
5010,60.3970448765827,5.296802451268065
5011,60.397772187618145,5.3038620359582636
5012,60.3931923550723,5.321543321600068
5013,60.39478170033073,5.322784176312433
5014,60.400204019682675,5.368982940495554
5015,60.38781199467658,5.332539477897006
5016,60.39094824871851,5.328258030104226
5017,60.39315956165692,5.329809365911112
5018,60.39207016947699,5.33503858590566
5019,60.38975493189074,5.348225544683513
5021,60.37437612897693,5.358195679254627
5022,60.3848105030351,5.347192490754076
5031,60.39947084630649,5.329152583170512
5032,60.40209251970996,5.322116018449923
5033,60.40307329685731,5.324987512545835
5034,60.40340339035936,5.331043555278996
5035,60.40838725595043,5.315552408587505
5036,60.41503558624099,5.31978527584652
5037,60.41018297305039,5.328142059626316
5038,60.42703246631235,5.304132409361986
5039,60.43420077513929,5.278588782310664
5041,60.42333925385185,5.306356252005416
5042,60.414181201309965,5.299938520554129
5043,60.4211646464279,5.286602397723057
5045,60.422927564211534,5.302949135433466
5052,60.37079210860624,5.354567415942675
5053,60.376293030907995,5.344498574224896
5054,60.37402429231175,5.338328713012968
5055,60.37161199127802,5.334448128041808
5056,60.37757030977235,5.317131091937493
5057,60.378775334514415,5.32416295399807
5058,60.37995169528849,5.326135487111521
5059,60.37219422910864,5.343328055512685
5063,60.36585565334622,5.351322024524845
5067,60.358072911082694,5.35107110637743
5068,60.36396836859423,5.3442003186757345
5072,60.34925135385603,5.347652984767387
5073,60.35658894496772,5.335846047956237
5075,60.34573787025942,5.354874758585138
5081,60.35105907069132,5.358102348922969
5082,60.34357804915485,5.3584996001180984
5089,60.35875205324871,5.363106660190801
5093,60.36304842923312,5.360916947056649
5094,60.35327124658546,5.36618042381316
5096,60.36896140660272,5.385215972573853
5097,60.35803934473496,5.376873641878076
5098,60.346482409446665,5.371985089511906
5099,60.344685850327494,5.3821933814398735
5101,60.44620384333138,5.278805212613606
5104,60.43494289328629,5.305868741219033
5105,60.42525202203075,5.359000485694171
5106,60.44209302424835,5.339377005897024
5107,60.51004684940006,5.267869893497077
5108,60.51658059314166,5.30490187394192
5109,60.507992401294096,5.352570722458404
5111,60.48827904921147,5.397051240788706
5113,60.45693615468025,5.3039375003039355
5114,60.45762665821369,5.271577940833343
5115,60.457607026166045,5.336670779734567
5116,60.463296187288144,5.322752116634974
5117,60.469007432454355,5.301542684937525
5118,60.46607509125685,5.311213469076457
5119,60.46179902247725,5.309866297279747
5121,60.464962523909506,5.2944269283682726
5122,60.46681752479518,5.280741288525568
5124,60.472259755076564,5.259689703037628
5130,60.472422615813976,5.311729303788184
5131,60.47978406829126,5.3507992434550395
5132,60.46263024834744,5.349257312652235
5134,60.459628017671506,5.371466390660227
5135,60.45884064677014,5.363595964548778
5136,60.48342360198087,5.264932310871431
5137,60.49469907607252,5.27360920462662
5141,60.33606429267881,5.258301301010934
5142,60.34724380958237,5.269162321250971
5143,60.34196585914835,5.285433691260844
5144,60.35315274197359,5.296979686542577
5145,60.35675663020651,5.278072112875712
5146,60.36524144865353,5.308140362674534
5147,60.35144772484769,5.276490199507841
5148,60.346873379904466,5.304830014691463
5151,60.32767578218844,5.270381174203809
5152,60.33815705599275,5.322588287518745
5153,60.33447666664397,5.311033328037332
5154,60.33471018392409,5.301146301174893
5155,60.32538862985154,5.296928981810082
5160,60.39462912706725,5.289174317486144
5161,60.37763987227917,5.29991767925858
5162,60.384170982400306,5.298346389630429
5163,60.39526738579796,5.2770031865025
5164,60.376115825649734,5.262130323409085
5165,60.3942952508085,5.255527048261534
5170,60.35141671430107,5.2451606270496
5171,60.36453195131661,5.248007103264811
5172,60.36292532476784,5.226828603137128
5173,60.34343448421402,5.226473990729094
5174,60.33926543210998,5.200180557494936
5176,60.372307043720696,5.222619384033804
5177,60.30375414156287,5.167188452092861
5178,60.386405664688134,5.23005333462723
5179,60.368457547437664,5.190012972038192
5183,60.37997224246395,5.219164217261131
5184,60.38516510784186,5.212992578497742
5200,60.18031558021909,5.498446853091267
5208,60.1316407445636,5.451797639474046
5209,60.16709169430253,5.477009732186709
5210,60.21019478550054,5.45423160270101
5211,60.24716174473761,5.544484097107241
5212,60.249742400288056,5.469486173628223
5215,60.21166953278231,5.369418733984922
5216,60.13229073304223,5.363549078404755
5217,60.17453327720208,5.392093744600023
5218,60.16428708040367,5.305162123490641
5221,60.31935887510392,5.347563014304145
5222,60.30818033823342,5.351398680065888
5223,60.31277722270219,5.3682958283518705
5224,60.32083954869828,5.3692982778454725
5225,60.332968357156474,5.379639956749729
5226,60.32713425324175,5.421605458471146
5227,60.29426848810183,5.379647939534973
5228,60.30592692708319,5.365676803133509
5229,60.312954871604816,5.490868497618086
5230,60.340853571960864,5.338713280592219
5231,60.33984579521378,5.3530714452427
5232,60.326183683409894,5.336593669727909
5235,60.30791792282723,5.317070731775326
5236,60.30459731765996,5.335064760103042
5237,60.29835724656502,5.305505018987373
5238,60.29381329712613,5.352062536714764
5239,60.281319610395066,5.302766005381957
5243,60.25567811401228,5.36629497927359
5244,60.227567210709466,5.288473709419978
5251,60.31417923594098,5.288365824108884
5252,60.31381927816727,5.236886720494975
5253,60.306866706398075,5.285294124332965
5254,60.29555102608316,5.283190492344644
5257,60.29788281796016,5.2553981464981065
5258,60.27727560404203,5.2148509652742225
5259,60.237950798807894,5.2330215510179645
5260,60.42827988014189,5.474001123901615
5261,60.42362935077418,5.452150608777943
5262,60.4044115752074,5.482382734540129
5263,60.41681613159249,5.6150336988301675
5264,60.42121292148905,5.518883219722962
5265,60.44384726385566,5.417489906942969
5267,60.383490932263015,5.46857893302264
5268,60.37968851931095,5.472417997889324
5281,60.52286852057611,5.4230996908039435
5282,60.53869826620656,5.52581279324985
5283,60.585885473034374,5.544930006877365
5284,60.614637456113726,5.606699031831443
5285,60.523138566440764,5.659550493919442
5286,60.46145390010433,5.537472310263073
5300,60.41085660809555,5.22211653911719
5301,60.407025554369035,5.205432879075601
5302,60.40205558476805,5.1833824510105915
5303,60.40863965840002,5.151750330561813
5304,60.42390512337025,5.129055292300612
5305,60.424500133285,5.246416246429287
5306,60.44979241354786,5.223235580645168
5307,60.48540773767451,5.18554736283489
5308,60.42847860422696,5.192232815757028
5309,60.4424162243234,5.193525549125193
5310,60.45380178325576,5.095278154287876
5314,60.510641343887364,5.036828560514481
5315,60.579320263573415,4.942854710434877
5334,60.63525385751011,4.734548188173598
5335,60.68858284107476,4.673952912506773
5336,60.596973311223095,4.77666475475224
5337,60.516605203435,4.81323886458053
5347,60.41324721347547,5.009722366445302
5350,60.34664834646407,5.150709926211526
5353,60.35647726596453,5.110079374317032
5354,60.38577941529342,5.112296025148446
5355,60.37374893549798,5.154504124482164
5357,60.32248041857542,4.905252337629754
5360,60.34749834341508,5.082899590670284
5363,60.41265880665307,4.859676205373855
5365,60.445551828045176,4.878555144957709
5366,60.4459246915901,4.954426238069559
5378,60.2108875891758,5.156732003362818
5379,60.17060845817698,4.967866780620209
5380,60.2668937753475,4.950777556952111
5381,60.221120990810185,4.912542006951992
5382,60.25956773725291,5.071048898095471
5384,60.13652081502413,5.183054622148186
5385,60.12403790338905,4.9912348256014765
5387,60.07937425281243,4.986036913530368
5388,60.04466907030341,5.021814589723807
5392,60.08992543622889,5.264438551955323
5394,60.05459973141794,5.196850591512727
5396,60.011450053416304,5.272829996903782
5397,59.986769544764485,5.155484131171903
5398,59.99025016585841,4.982760685397118
5410,59.80593936390877,5.371897801994197
5411,59.761506735766126,5.505075941863744
5412,59.74845215899457,5.433960053936325
5413,59.845049487738954,5.584607423392867
5414,59.854511492236476,5.490883693614237
5415,59.80254510367726,5.424887995910775
5416,59.786704797877434,5.542214190383664
5417,59.78504533341941,5.467065272375117
5419,59.91143581146921,5.3258381919158975
5420,59.840469520225646,5.222275892497226
5423,59.90952557825491,5.051423012683826
5427,59.8287787447056,5.0489544032391525
5428,59.79172300963157,5.300143845763262
5430,59.75740041396791,5.071416069859683
5437,59.7039635479721,5.146433534799208
5440,59.70635407674585,5.3462375634754125
5443,59.62117775609957,5.112249681504708
5444,59.54846574630346,5.028603643949393
5450,59.84548097282825,5.695635189181748
5451,59.83584954770133,5.831682926420257
5452,59.8025293334569,5.823911197948278
5453,59.78954961252577,5.894905736186231
5454,59.79596840080389,5.73492872607332
5455,59.79661167381911,5.6447794573518895
5457,59.76509044481463,5.811379461670911
5458,59.732369487106,5.7625767129340995
5459,59.73357056348436,5.669175256103636
5460,59.87514830248047,5.775488181274253
5462,59.91341158327441,5.792536701457796
5463,59.90562433830233,5.897233938013168
5464,59.92277495046489,6.017454803345655
5470,59.982862715624094,6.090168309277117
5472,59.96247657831471,6.010939977936284
5473,59.981653234382165,5.924785502520515
5474,60.046960186987384,6.021497837513445
5475,60.053796137476084,6.2308630032310015
5476,60.14618739557821,6.333266721101538
5498,59.88264571935494,6.11055613867479
5499,59.79470655807912,6.077721188325976
5514,59.47493755844699,5.263984071959095
5515,59.43568672456046,5.236778208707833
5516,59.4384987897959,5.271569558355699
5517,59.4409457277117,5.2860500926516565
5518,59.43963613234771,5.312072020676389
5519,59.42351757301891,5.2924002316490375
5521,59.415945229373115,5.286970251943452
5522,59.41742752754044,5.276410048038674
5523,59.41787392366569,5.250842610582508
5525,59.41645484611359,5.266995414796032
5527,59.409210291537875,5.264787995955072
5528,59.40939756705631,5.2755614337556604
5529,59.401119055726774,5.281790564672499
5531,59.405328622394066,5.291780253946846
5532,59.41173266211912,5.301741472236624
5533,59.41802189147656,5.326012773627924
5534,59.40461058298718,5.338174113056378
5535,59.399496529150056,5.313829683203027
5536,59.39432251784173,5.326611152990974
5537,59.391139071992534,5.311578279883761
5538,59.39066345513873,5.293775989968678
5541,59.39612711904081,5.362213559226873
5542,59.37615446352275,5.322046671491743
5545,59.35013346556295,5.325496244795504
5546,59.3031941496484,5.365169982454329
5547,59.29256592094243,4.856834229499674
5548,59.38726100970476,4.999266797037993
5549,59.46465233291984,5.031683399713963
5550,59.54769545624235,5.344339323791266
5551,59.63103365921221,5.386282301872531
5554,59.68148315979088,5.4962808091866835
5555,59.579575330808744,5.497005195285217
5560,59.33586911353521,5.758288776017534
5561,59.194963839584226,5.460708642837982
5563,59.40692640760291,5.396019407475025
5565,59.28386345928213,5.534595689301703
5566,59.35306412447197,5.598560092559318
5567,59.42502482981554,5.632131035128586
5568,59.59394230581536,5.591376988367734
5570,59.38701963747585,5.472649512122048
5574,59.496208492549655,5.585670154825722
5576,59.548558705516896,5.705852824708492
5578,59.469411017399295,5.766708492033521
5580,59.607135950359385,5.832709771020354
5582,59.607910617591,5.739269936292379
5583,59.521019757471336,6.0256494742818445
5584,59.67151808440812,5.654945520160829
5585,59.55171289290861,5.862052753932458
5590,59.67680429879905,6.075229373824262
5593,59.72334518569372,5.918612207409563
5596,59.83485058408558,6.2213502320506535
5598,59.89282472556478,6.389826503865443
5600,60.37272093563984,6.0659183173691025
5610,60.43947946014177,6.148546944211503
5612,60.46915714771126,6.257439144549876
5614,60.43141796464089,6.421400442193086
5620,60.28177027331481,6.145113420553797
5626,60.16853587590606,6.127740225340375
5627,60.255226837397096,6.299768080742191
5628,60.338786786085606,6.402743150309341
5630,60.28268446410217,6.021949010199632
5632,60.18235752968289,5.940468924660353
5635,60.05798507434021,5.896927558003702
5636,60.12194957525793,6.002194241544134
5637,60.00057193694129,5.798015218058068
5640,60.258399040441596,5.818378856792634
5641,60.16721164794947,5.590681323205685
5642,60.28535785213258,5.6686184549335765
5643,60.16087672627452,5.6644755869102115
5645,60.18671833455474,5.774174929802481
5646,60.086839936726534,5.788463897408152
5647,60.142267644427974,5.767664039846147
5650,60.40683428870583,5.840808677337254
5652,60.371348978074735,5.656450585603806
5680,60.06379177324512,5.536931137856059
5683,60.055104950322594,5.3927211922635045
5685,59.985799771407486,5.4749853466525655
5687,59.94102009835131,5.540369133482409
5690,60.064663552728156,5.655497456059982
5693,59.988300424599146,5.676931437635459
5694,59.944194275212105,5.653479495609379
5700,60.62207704402769,6.427249741879893
5704,60.63314927746063,6.386671487475141
5705,60.636765872041586,6.459162762832578
5706,60.712180538945155,6.747129399687405
5707,60.6937263587767,6.165431285451231
5708,60.58379627936612,6.3328945986930965
5709,60.60825875129836,6.5617890906974585
5710,60.69191705583149,6.446265433740878
5713,60.83519181663709,6.556830730130255
5715,60.83529573957194,6.709569794138958
5718,60.72448538101575,7.096800696602452
5719,60.624518956026556,7.425458026460063
5722,60.5666650703173,5.904780758149284
5723,60.669557390178625,5.974571867456028
5724,60.5402709174015,5.740106574674917
5725,60.48589631783994,5.775874273370967
5727,60.66229034711064,5.748740981971133
5728,60.798323849057184,6.060153195460137
5729,60.887486815301955,5.929650755726325
5730,60.595441391714786,7.052950430730516
5734,60.4645739164525,6.743511633097673
5736,60.54463912872472,6.68556975512157
5743,60.800352665934454,7.095661918966769
5745,60.84548923910472,7.384025464586629
5746,60.95283684257212,7.052317014163677
5747,60.94056552268881,6.883206797276234
5750,60.054257014502475,6.522498261119031
5760,59.938859636300194,6.912821584083995
5763,59.919997431379144,6.667220853164134
5770,60.13828192399728,6.596402795225967
5773,60.126650133797256,7.048316965690096
5776,60.258446726600184,6.528081344623681
5777,60.36069778408396,6.610363597421218
5778,60.39344808029188,6.525243023019115
5780,60.34546100323396,6.938997818387977
5781,60.25420772200903,6.895449453871292
5783,60.49421264688033,7.146422906154788
5784,60.359863700300316,7.173181594383618
5785,60.33269720598125,7.458303874223586
5911,60.58670379565067,5.22625838209894
5912,60.649785935845834,5.201116056753894
5913,60.630266309439484,5.371883606666964
5914,60.55341519311453,5.307360593896088
5915,60.59276153178506,5.349833566350142
5916,60.56699483759099,5.277118264005678
5917,60.58753405635916,5.023350735552765
5918,60.52992214798111,5.171754809475456
5919,60.557902565057155,5.166335733619782
5936,60.650929024588415,4.993799190278978
5937,60.719044714392744,4.881243340224585
5938,60.62121057361496,5.149238281424983
5939,60.706289844643344,5.010890098838012
5943,60.79781879643691,4.858684194661936
5947,60.79338997737299,4.617454828021084
5953,60.79613906451075,4.991751258588032
5954,60.80953298149354,5.050608512734772
5955,60.7518827546859,5.139339858849081
5956,60.6912715048071,5.201976249787201
5957,60.71635409801079,5.303707359690352
5960,60.930528111704376,5.170864058738845
5961,61.00925670407152,5.430183259012067
5962,61.06082794171427,5.87789752285861
5966,61.02131641050655,5.065037958486773
5970,60.895787166213424,4.724395185539389
5977,60.88817928241334,4.992921775158871
5978,60.95659778238387,4.875164863045367
5981,60.781504149568576,5.373181341992155
5983,60.91439737376087,5.51191540123723
5984,60.890763156613026,5.643625116015459
5986,60.86355433202148,5.265685999039837
5993,60.665110228538985,5.461512564582831
5994,60.74330779972738,5.598782249055425
6002,62.480675971104326,6.159405894746952
6003,62.470391123280685,6.165430493884228
6004,62.471003770853514,6.148519282964118
6005,62.470700540352745,6.13497395587516
6006,62.462621594721924,6.110697978133698
6007,62.477369450589435,6.196411625114892
6008,62.467708959641115,6.202523747266351
6009,62.4807709313472,6.296668124072416
6010,62.45459852301071,6.362051763560826
6011,62.468663801591035,6.435989498482207
6012,62.442045183033414,6.3942792599204505
6013,62.43332927893805,6.467701568304414
6014,62.471115954055975,6.302506039514015
6015,62.46562368419954,6.2466966741105105
6016,62.45624967726946,6.268297214611707
6017,62.458906003715505,6.320002533761117
6018,62.47155932673254,6.34886129599024
6019,62.48385243010868,6.393096174062393
6020,62.44052279117191,6.325530097165613
6030,62.43779063839199,6.162689038356965
6035,62.4373327869303,6.2713328362867005
6036,62.40290245166743,6.160625302637164
6037,62.41113553561573,6.325948836132113
6040,62.61331741895386,5.980038890848834
6050,62.50868413214509,6.120366706483023
6052,62.52905619737266,5.995806453052633
6055,62.547941475521505,5.812446833643395
6057,62.5041135104113,6.305832012026024
6060,62.34560264189922,5.987741052782842
6062,62.403304278654744,5.98116918780941
6063,62.33749894304677,6.0703065422263105
6064,62.29250990207731,5.89899507883206
6065,62.40485800999202,5.812378537166317
6068,62.25160345163672,5.877529909084607
6070,62.29063539291096,5.722463963420148
6076,62.296636495857676,5.6061524578658615
6080,62.24509170260662,5.781590572965864
6082,62.228481172603225,5.6391115659586335
6083,62.263363888254695,5.586676457081553
6084,62.20394494923386,5.623537973463364
6087,62.26414899686036,5.256645189633866
6089,62.26528541154902,5.405170655602248
6090,62.33812552153398,5.618239875096774
6091,62.338475099221,5.659419444810875
6092,62.32392823367094,5.64196506602207
6094,62.36909160952163,5.668594195741706
6095,62.346592292638626,5.726542048586321
6096,62.47271687307884,5.577417120042977
6098,62.38282596746307,5.387270319228468
6100,62.13429972170199,6.084485954096561
6102,62.1505971406893,6.057512879992795
6103,62.15903601087576,6.105348589970765
6104,62.14771279742465,6.14522615294483
6105,62.19298155798136,5.9751945208479675
6106,62.10870730744212,6.175970186436988
6110,62.041174822163455,6.3116365367689
6120,62.039488306473174,5.987942647379873
6133,62.137525632681346,5.895507345691751
6140,62.0782410653468,5.7605966783005895
6141,62.168851240220754,5.7649762383866205
6142,62.136433454095126,5.646263671923545
6143,62.11275057320411,5.505992673192512
6144,62.05875981450324,5.634213501171195
6146,62.0126382206515,5.5845650073398705
6149,62.166359977427874,5.502520243534959
6150,62.23149083417818,6.108550527612788
6152,62.235540376030386,6.026093446343378
6153,62.23554949786626,6.196707763391329
6154,62.196127788611996,6.157078945471749
6155,62.18290736914414,6.112877200370682
6156,62.18578714134696,6.26720009141177
6160,62.20110629535926,6.029293340729536
6165,62.17363912458453,6.428563734252484
6170,62.28764346121069,6.126507136584331
6174,62.33479766050908,6.304466942287241
6183,62.280440343751714,6.505194174283225
6184,62.255374434514295,6.398003029376535
6190,62.1044925249081,6.562835854418225
6196,62.19907653942955,6.649087306785734
6200,62.24913998947835,6.883500567082223
6210,62.33901181618213,7.500498369534966
6212,62.3187935873684,7.055308003249666
6213,62.18063376975959,7.521218946164949
6214,62.205437071099105,7.284929086132104
6215,62.2279873231816,7.116695944415024
6216,62.09255102544911,7.197460843276126
6218,62.072546711380326,6.905100159455772
6220,62.30885723324172,6.663670748951422
6222,62.39001321702018,6.490993360858859
6224,62.36079818467907,6.432543155650601
6230,62.40315884148142,6.702197466907298
6240,62.47799277031882,6.903769805215359
6250,62.39533125178117,7.107643835677267
6260,62.50448446547297,6.639662972837708
6264,62.53479052274623,6.579258896045173
6265,62.57960011614733,6.578593261038791
6270,62.59175538148425,6.46392806691766
6272,62.59733961449904,6.353434002201056
6280,62.55843843637579,6.273568255561176
6285,62.538176272842506,6.197521813132229
6286,62.80011831235656,6.664593127169484
6290,62.7141318163071,6.0907826931234865
6292,62.63737640877021,6.111465699233348
6293,62.705067365207476,6.26713865538573
6294,62.718214908180684,6.344463830246057
6295,62.738818927333966,6.42801978489435
6296,62.82150576738543,6.358459557930761
6297,62.83813285235965,6.616481615721431
6298,62.90630911357282,6.519085973750107
6300,62.47416059635634,7.768696501147374
6310,62.550202726133605,7.666087391989992
6315,62.45740526185349,7.509614976488647
6320,62.5617901445318,7.8428988466039025
6330,62.310332947898196,7.9301053891819056
6350,62.60932506965657,7.457933375211198
6360,62.64932945355523,7.576934401228374
6363,62.67208926345212,7.726697700516806
6364,62.6819498686461,7.917830269968321
6386,62.506336711049975,7.385294390166723
6387,62.59005582526101,7.3059196253142344
6390,62.61419289918932,7.0204850240714
6391,62.50082824354172,7.110632719975442
6392,62.5817011480056,7.189251832911697
6393,62.581467219257256,6.9265320214765875
6394,62.61158700863653,6.828729678149266
6395,62.6434748901415,6.748783805193921
6408,62.799904521048575,7.059777483740033
6409,62.77055859009404,6.9878097377837705
6410,62.734258846391725,7.114035072558068
6411,62.719229529944975,7.0846165638462555
6412,62.734180792677705,7.137659727515813
6413,62.73706192342524,7.158040066311592
6414,62.74673862864739,7.154355026640009
6415,62.73757366649509,7.179965403015356
6416,62.7400972391074,7.203549198333864
6418,62.66467676412292,7.286963409860955
6419,62.741131643672595,7.225867645316246
6420,62.767023140163744,7.314262712560878
6421,62.7663917520594,7.348256873334097
6422,62.78900316082577,7.32272004973418
6423,62.76451321154952,7.250623941631941
6425,62.76653353190759,7.224021714092957
6429,62.76267576543635,7.17661246173752
6430,62.95196938875681,6.860745307214069
6433,63.020781182707346,6.977291742896083
6440,62.86086928710045,7.210581274153873
6443,62.86072470912185,7.0349775886487595
6444,62.992800608130196,7.165098588183035
6445,62.80922553616998,7.245392521139557
6450,62.800385695375695,7.48583416765548
6453,62.80764618733814,7.739089936265404
6455,62.76237650908267,7.632040581209815
6456,62.71918643655077,7.487533877822864
6457,62.71683176096629,7.271554575178705
6460,62.76897315199761,8.02884982741184
6462,62.82673419697651,8.1020187735673
6470,62.62441132487875,8.165298081630137
6472,62.43908945812224,8.302706026117002
6475,62.700713637589814,6.72784666652608
6480,62.88359262489686,6.762705041057382
6490,62.8972830514329,7.443475533282515
6493,62.94753462666377,7.3294738161375985
6494,63.09299111989066,7.180929348067677
6507,63.10043815356739,7.7253805209992725
6508,63.106870227400634,7.702892613057634
6509,63.1127560550298,7.732586991968675
6510,63.116157202172936,7.705639851752722
6511,63.155619691600435,7.752686681209706
6512,63.13334374783591,7.780915323936804
6514,63.12039307282695,7.704647440083833
6515,63.234566254890964,7.502798986347311
6516,63.10783878360166,7.757590732059414
6517,63.11625157789354,7.851544581235037
6518,63.13169591923302,7.826617625557494
6520,63.07976434085052,7.754551827116812
6521,63.09612360092307,7.824706088822905
6522,63.08959679330809,7.878852477112496
6523,63.045572731254275,7.7408195837537574
6524,63.02699893332067,7.802945933746848
6525,63.05801979010071,7.87280435832916
6530,63.148740308901004,7.478471719346743
6531,62.997121027111774,7.5931983062920505
6532,63.00675593578996,7.419038249214824
6533,63.1255585134293,7.344055784825561
6570,63.417730883823026,7.875987427668117
6590,63.19024200775228,8.055234536892995
6600,62.55877907447246,8.550584434208304
6610,62.676534614217076,8.349991667702476
6611,62.67325184306333,8.63586300185764
6612,62.63514009682965,8.809619894908465
6613,62.49960372626247,8.941647631902974
6620,62.73546930146347,8.660934607781408
6622,62.855343395387145,8.477202307764827
6628,62.8469804869873,8.312483387129754
6629,62.97636285527519,8.24220829164539
6630,62.925811513029245,8.203949490970851
6631,62.88071115403774,7.652766663151385
6633,62.96553970618824,7.74055116384134
6636,62.876193353173804,8.071933930565054
6637,62.9150270009708,8.011689879590769
6638,62.86413156594802,7.878829935694014
6639,62.94296781567973,7.902877658278023
6640,62.89154648786749,8.599468028370596
6642,62.93168604995422,8.469216740933613
6643,63.02599508663984,8.378194351767144
6644,63.04767942595702,8.636576328330412
6645,62.79781593461655,8.83035690309874
6650,62.967373037052184,8.755557303952635
6652,62.95820894624798,8.564656869365278
6653,62.91922118603801,9.1294979716682
6655,62.90379856154427,8.998964738797053
6657,62.97938358783816,9.301601612503628
6658,63.13749378433127,9.286934145557764
6670,63.01264888246217,7.965851251501274
6674,63.06415914354745,8.0717868468239
6680,63.084727729303765,8.228574892724765
6683,63.10356412354157,8.351311328508897
6686,63.131793783739525,8.673803864697357
6687,63.113001931997175,8.493997148153756
6690,63.268611484577455,8.690466401353602
6693,63.21534441873181,8.516115660223763
6694,63.235214006222485,8.364524368210422
6697,63.36235906893779,8.607620665343557
6698,63.34290397293712,8.442036862150047
6699,63.4071162940115,8.757598591239665
6700,61.812179071852036,5.2567185705740105
6710,62.040460152130606,4.975148340867682
6711,61.950777383710395,5.416925070997294
6713,61.912934075773784,5.254425578467658
6714,62.02208619483557,5.194328478940625
6715,62.01766097687787,5.2679762571550794
6716,61.9631957932433,4.884229229139631
6717,61.9639848717847,5.267674120214965
6718,61.94247562699064,5.166970508606799
6719,61.87484626589873,5.2154168336324025
6723,61.73268322404062,5.188826253103124
6727,61.873886897608195,4.883330028975498
6729,61.77014457271041,4.744996109170051
6730,61.88469441504636,5.576766714052283
6734,61.87041166897003,5.384839907850251
6737,61.80274197840577,5.6624130398446715
6740,62.03469052232928,5.3576017814454024
6750,62.160953107496184,5.143824610998105
6763,61.99452210355324,6.591602632426772
6770,61.91301271916714,5.984031458181828
6773,61.9489077095259,5.929215792374635
6774,61.921022106555,6.1084442423560175
6776,61.93723877584197,5.606163497704919
6777,61.93773486607749,5.768002835554163
6778,61.86923057486931,6.074836094161053
6779,61.92007733941578,6.3594808282015824
6783,61.932554559703206,6.787804582183865
6788,61.79522900923652,6.80215325760914
6789,61.796945615609154,6.998799454897961
6791,61.69948947298998,6.822951375761915
6792,61.65663168952407,6.88611064360146
6793,61.83347792991406,6.648291193808414
6795,61.851399962425155,6.4692896067574575
6796,61.87911796079816,6.351993947506818
6797,61.80857648478123,6.4501681309680245
6798,61.93565852230195,7.258411882425364
6799,61.87036183923524,7.116389072510788
6800,61.455738635072564,5.841744013492233
6809,61.46651892966681,5.8483737457184715
6810,61.46912015391328,5.883386141096411
6811,61.52179619162565,6.013698106555354
6812,61.448705202476965,5.907554984532485
6813,61.43408652202868,5.88522833878946
6814,61.43974017281399,5.815189285134354
6815,61.46037968139139,5.713015337502862
6817,61.55348236092634,5.815665584283942
6818,61.43017086903207,6.4336671144837885
6819,61.410825564203854,6.034847599753201
6823,61.74527132545466,6.219560938165274
6826,61.724637545117815,6.592740475466584
6827,61.72527084058576,6.417783451450554
6828,61.82564997102639,5.948046032675653
6829,61.68576655021017,5.903489821760442
6843,61.577918634504435,6.561713773263535
6847,61.50547452613382,6.206448431181129
6848,61.414456044716786,6.743853039160754
6854,61.1861973063641,7.238695717310913
6855,61.089140927644316,7.121178626940746
6856,61.24066520015178,7.159130263372081
6857,61.30957133626915,6.967022157002754
6858,61.2113476715086,6.991137692149713
6859,61.17478279454748,6.947145622359932
6863,61.23103283064818,6.778092265296868
6868,61.507153450226504,7.224821346351882
6869,61.34501268090771,7.109529013615179
6870,61.29440573399367,7.351248450888774
6871,61.67784059634851,7.449780754248486
6872,61.48483226460853,7.438009850851189
6873,61.362194206944345,7.264430648839468
6875,61.3971108362029,7.374340665418705
6876,61.4178642325577,7.52495830021264
6877,61.50143098310579,7.944647409372186
6878,61.51596572760351,6.978829604401997
6879,61.25389569113327,7.3127640340825275
6884,61.34869702263777,7.926270805540371
6885,61.21999036847318,7.662558122223132
6887,61.03539260783634,7.533753000519191
6888,61.048582864600924,7.980679708064497
6893,61.00902861020547,6.419504813358277
6894,61.14534589980036,6.635860996983538
6895,61.110233844044835,6.762181498364019
6896,61.04195217801261,6.861527380266783
6899,61.24849078594205,6.4815552922774815
6900,61.60830899178189,5.072775235228746
6905,61.59682907998352,5.009125256626061
6906,61.58718832277011,5.026516585163778
6907,61.60142633072312,5.066311602891148
6908,61.60048842059123,5.10527598345255
6910,61.67786736030496,5.459715163882899
6912,61.54886980118815,4.623233591009016
6913,61.62168002931882,5.063826515230616
6914,61.490076552349045,5.075525116761001
6915,61.56673262623089,4.835490407770982
6916,61.687257890505556,4.874484555587603
6917,61.65847701102572,4.640795714320459
6918,61.58832898464638,4.606622341529604
6919,61.50763432589089,4.754055807469775
6924,61.11543888307884,4.794478684173921
6926,61.13900370521277,5.015738878907592
6927,61.1449775326854,4.543275153761779
6928,61.00716192715394,4.544740651078667
6929,61.209728520947145,4.812881212548331
6940,61.57761068535706,5.473820000713508
6942,61.51025038432505,5.252503136740729
6944,61.54599492400492,5.187645038736759
6947,61.14304243469702,5.584808169973787
6953,61.143047008963634,5.339903941502272
6957,61.16703295176397,5.225549149761167
6958,61.22351069569559,5.131777925240692
6963,61.336608614307664,5.470217351052805
6964,61.2577311386573,4.960559974111137
6966,61.24437028133978,5.575344240363586
6967,61.29447892668572,5.131784202161821
6968,61.28844992628193,5.36058176857713
6969,61.33522515798348,5.214118426976871
6973,61.31746843923705,5.856548091169631
6975,61.39157425846483,5.815729447041321
6977,61.38570743929397,5.609731850178384
6978,61.34092073624211,6.222858256045667
6980,61.36726362491973,5.079835082390266
6982,61.38119628786447,5.267122676787905
6983,61.454541751436,5.32362140680664
6984,61.4273766922701,5.112008025594142
6985,61.395223255075564,4.725394260407979
6986,61.294370728442615,4.7812355014747006
6987,61.29243164226754,4.530901763277792
6993,61.23217736106522,6.136217000531631
6994,61.15936452121422,6.267048228244278
6995,61.17795524843032,5.924794297197523
6996,61.23263975932327,5.828655034311065
7010,63.484393126214,10.40082129294051
7011,63.43206072709985,10.39769216131663
7012,63.42922240944192,10.386298445252542
7013,63.427560168349544,10.397296839190195
7014,63.43033288193096,10.409924189529004
7015,63.42856942946991,10.419186267592597
7016,63.42574945407664,10.407184164470051
7017,63.42262480646705,10.375830089669812
7018,63.464151766497295,10.277274943862855
7019,63.40861318863409,10.385416659887474
7020,63.42337285160735,10.286297045019325
7021,63.40935136251579,10.36593464140106
7022,63.40200937171254,10.361381856064563
7023,63.396496297615336,10.364049085281462
7024,63.39665108700618,10.28188965878239
7025,63.4054812315825,10.326337233042313
7026,63.37848735970341,10.302407364861665
7027,63.3908510625645,10.36462318482533
7028,63.38814595049021,10.376005498069368
7029,63.37739414321442,10.366894941319853
7030,63.42090993972204,10.39291232853433
7031,63.406770007344846,10.398891824500733
7032,63.40791177465112,10.414339601092701
7033,63.40239231831757,10.431487088350027
7034,63.41712961610085,10.404678194722173
7035,63.404482057656715,10.419255362509306
7036,63.3760899242053,10.441391164270089
7037,63.388952718986914,10.409626447152103
7038,63.3865840819337,10.400017710238117
7039,63.328611417423566,10.598802385925127
7040,63.4687447715557,10.482213170500284
7041,63.44321607272285,10.461985041026297
7042,63.438705887795514,10.415431762773345
7043,63.43304988926232,10.42421155727063
7044,63.43436075844414,10.468181510815192
7045,63.43262918269627,10.44973014104421
7046,63.42421169632978,10.44720298691832
7047,63.42242051145379,10.470524175284444
7048,63.40931525983693,10.475934067187437
7049,63.396539819774105,10.468808871321043
7050,63.41204167300768,10.431500873950043
7051,63.415218553529066,10.418792505542855
7052,63.42272398037985,10.42563798365688
7053,63.44934987363784,10.509652130916324
7054,63.414838232142465,10.556306102106161
7055,63.439378288143295,10.549714872977042
7056,63.42130238298654,10.515246192468767
7057,63.3765739635713,10.594388088047664
7058,63.422584394169256,10.492687456463754
7059,63.40807341532252,10.501159125828195
7060,63.43540039575009,10.492091555867496
7066,63.44191418211934,10.437782073336646
7067,63.43881644682046,10.430320421207067
7068,63.43575829182042,10.429804519622776
7069,63.41576488396535,10.447734986056076
7070,63.41675501513758,10.128983543895245
7071,63.39922360031626,10.332887399859612
7072,63.354892492860245,10.364364714318363
7074,63.35695581173677,10.146988696521728
7075,63.36706741907379,10.378632868291172
7078,63.3647078021107,10.353330400932508
7079,63.37774456092241,10.334903745456339
7080,63.33919910672154,10.346562267860762
7081,63.36989358015889,10.400510122614058
7082,63.342237315066654,10.326641887069519
7083,63.328906354094,10.294059530050141
7088,63.35662566289957,10.347681918292684
7089,63.359617590272634,10.274032220190346
7091,63.359928649649376,10.402824540826169
7092,63.34330602490922,10.40877002651306
7093,63.324361238417175,10.380578491294203
7097,63.36727601310373,10.335276711424276
7098,63.36908678965805,10.356676001942075
7099,63.37699162457227,10.352029539687893
7100,63.65515076593506,10.14190740495586
7105,63.512553925300764,10.05830991010022
7110,63.69532053263834,9.927379910435327
7112,63.63869319001137,9.889446147187622
7113,63.78004081378181,10.23518121823902
7114,63.75042150829746,10.052562859878126
7120,63.69991629290567,10.60555819961793
7125,63.58273579584384,10.328913393181143
7130,63.67912384544965,9.593547127037711
7140,63.713354765655495,9.721314620024687
7142,63.72254460756697,9.518856448991727
7150,63.677583578158384,9.399951799302059
7152,63.67808424424262,9.289769701201715
7153,63.641724693873904,9.519000319200844
7156,63.58868085024289,9.362162763383047
7160,63.783694224851814,9.954746192726956
7165,63.7936463053706,9.624311933151601
7166,63.89043536306862,9.441728234208563
7167,63.89118631875924,9.755242681557128
7168,63.86469361275882,9.938500708077035
7170,63.971781885808845,10.380324893503023
7176,64.04746047558483,9.778704638712867
7177,64.05176716249585,10.091830154106582
7178,64.11358976926464,9.871978932329435
7180,64.20135750387156,10.015640559682977
7190,64.29902754428949,10.095983726665445
7194,64.15945961266362,10.49310217710204
7200,63.294583446505264,9.078168052023146
7203,63.194339461152694,9.13202093508857
7206,63.41457858519982,8.977437835166034
7207,63.338043627360115,9.314291291485706
7212,63.15855896345244,10.100072082800715
7213,63.117101282604146,9.964201153846066
7224,63.28609641748997,10.272438352432
7227,63.27456710126624,10.243017197132163
7228,63.217918891283986,10.249748915577712
7232,63.12477500890504,10.444549011994129
7234,63.19210563161684,10.466564128714557
7236,63.08219522491217,10.176922856339885
7240,63.600919587291585,8.93261795784709
7241,63.666628833581306,8.97310544895607
7242,63.67739558806774,9.124197307761614
7243,63.54600062241002,8.382006430440027
7246,63.4666203098224,8.66710083201737
7247,63.57336636455515,9.141549170659276
7250,63.58934920015847,8.71217441423957
7252,63.65598431879663,8.787899113681712
7255,63.49968102550462,9.271585333849798
7256,63.48556253629999,9.116227678485906
7257,63.42378792486575,9.448493465691982
7260,63.7226028294923,8.850231792641488
7263,63.68020930045524,8.665936785083515
7266,63.69611880553094,8.487842429802141
7268,63.673848281812475,8.144062009023592
7270,63.81064124956538,8.95898895846808
7273,63.76727614674788,8.411823905105294
7280,63.84122042539747,8.333050532524279
7282,63.92873275232383,8.516067993127907
7284,63.88294540400393,8.664496540229186
7285,63.9787124319917,8.81218126975455
7286,63.94668380253357,9.128388985062077
7287,64.17812725768555,9.339971059379756
7288,62.88387510282928,10.239050397814706
7290,63.03342018662303,10.28231730748594
7295,63.013250098369085,10.465508695836505
7298,62.7769594447616,10.57290959061576
7300,63.30298952520014,9.86195965124739
7303,63.37892656658851,9.846579073582621
7310,63.31062362367463,9.783118569677676
7316,63.49007019230741,9.76873889417759
7318,63.59221742179408,9.630312020387075
7320,63.24879849644072,9.655912468651014
7327,63.17730296822069,9.777476788055221
7332,63.10288674482172,9.773620340627373
7334,63.09731561028436,9.547496820222536
7335,62.9763719433739,9.709726638581401
7336,63.035802596926864,9.655707657430357
7340,62.59993995686899,9.62059559515071
7342,62.58481626312544,9.223902637423034
7343,62.61491362010021,9.572349020426335
7344,62.55484218342229,9.663523871898983
7345,62.394228717539185,9.547402308896054
7346,62.65731020376535,9.777666127176515
7347,62.644270488936726,9.922763793185943
7350,63.27132013242488,10.14763694562817
7353,63.32230074116865,10.075090785991868
7354,63.3282717618418,9.97277837190088
7355,63.28828758491429,10.048430200242537
7357,63.23605798022482,9.997257071944091
7370,62.69839917090194,11.89841442134426
7372,62.699889488814335,11.509322020846176
7374,62.58465928594416,11.281416464613745
7375,62.494602898223995,11.761434123355714
7380,62.7913423966927,11.27613970233587
7383,62.941834354529206,11.201929395410124
7387,62.952463668658574,10.759408754586401
7391,62.81493624072188,10.064409733973376
7392,62.82588137310906,9.839326217184642
7393,62.85377096664934,9.71718095932741
7397,62.75377701058471,9.886586373178606
7398,62.68936163796088,10.091178345986046
7500,63.470810123991804,10.928157495606284
7502,63.4605693249948,10.890459906304491
7503,63.47332151098057,10.911058279730142
7504,63.474792216214055,10.920281003857665
7505,63.47187968103931,10.940384891191997
7506,63.47572242975284,10.98041138431858
7507,63.484334130514455,10.929085240465852
7509,63.49053659543889,10.99113627930567
7510,63.51901896009492,10.84859842832836
7512,63.498842781217796,10.944335096901268
7513,63.46180532091676,10.96309884555027
7514,63.46889412567984,11.039938757205542
7517,63.41662734452164,10.940671410743047
7519,63.37856740387911,11.063575650727236
7520,63.48171450039013,11.341038815745863
7525,63.45033438142542,11.422183137305996
7530,63.404313596854884,11.83182299151018
7533,63.43280712703803,11.927533929156358
7540,63.25600306366093,10.544904513078466
7549,63.30031030861739,10.412146279084652
7550,63.3482865242023,10.805076007465612
7560,63.41320948755812,10.65914173495287
7562,63.4664437687107,10.582604115668602
7563,63.44788332844988,10.698863096950266
7580,63.194527256484,11.157191309848132
7584,63.28901367560338,10.983147671677864
7590,63.00815923527432,11.80753790322976
7596,63.117837830132274,11.30399579667604
7600,63.75325270033869,11.300124522004749
7602,63.76800579611177,11.258739915895125
7603,63.74292093806443,11.270852456921952
7604,63.74516207608412,11.327860467446547
7605,63.738412345552895,11.311502057607933
7606,63.729276545607235,11.275682449867633
7607,63.751330803239824,11.199886719038945
7608,63.67922869308294,11.475388453124978
7609,63.77008311693462,11.366911885137927
7620,63.681908360807576,11.22059366061023
7622,63.61696982967471,11.381945635841422
7623,63.661980425363716,11.124090444249612
7624,63.68894056619549,11.000020681805912
7629,63.7852043487197,11.127132464393759
7630,63.603914623308114,11.092974342502107
7632,63.59188802077117,10.907763920494695
7633,63.587937087584514,10.706815169850747
7650,63.79575612387283,11.479450777740073
7652,63.790132545920976,11.433842994544936
7653,63.79221842438073,11.465852796463663
7654,63.79695752408564,11.491116634783394
7655,63.82495344196302,11.460604062128441
7656,63.84341282829039,11.687404881026701
7657,63.73211910477668,11.595046526505174
7660,63.78216690627751,12.106263723913465
7670,63.89695715153437,11.25086897393195
7690,63.81685375645419,10.891402979391492
7710,63.91008047480373,11.48708297670607
7711,63.94881645515611,11.585109221615431
7712,63.99639109042425,11.473570294865173
7713,64.00249829975898,11.505633292931247
7714,64.0098862418519,11.489116165814286
7715,64.03295346622656,11.502170099083656
7716,64.01480643285207,11.54208656904856
7717,64.09387137041786,11.856284773469463
7718,63.98535189945039,11.949814727338007
7724,64.03995744029453,11.411647674283454
7725,64.01412947785627,11.449032963671636
7730,64.1408194715627,11.409146667937726
7732,64.20483561038179,11.791429523792965
7740,64.40069367638355,10.20775189217419
7742,64.30706624352003,10.218304426571954
7744,64.32496636984116,10.364098904158265
7745,64.35060207247105,10.847302085370456
7746,64.45025088730516,10.529042804286377
7748,64.37538813666026,10.555099825123897
7750,64.23812541749662,11.130312198011266
7760,64.20478815302488,12.628112473059804
7770,64.5347204144513,10.599181342772214
7777,64.49724437237144,11.09294578364589
7790,64.06702506268198,11.09747518587136
7796,63.94676608719124,10.856803375278595
7797,63.790863659311185,10.541406475734139
7800,64.46420636237102,11.500143258849574
7802,64.46513944956423,11.450294334351359
7803,64.4792609522688,11.50689302515928
7804,64.47187994179508,11.517491251589245
7805,64.4848585708792,11.568481876098177
7810,64.59851480501628,11.635269232872066
7817,64.68516222811289,11.510661379581526
7818,64.75624043462506,11.630249298622884
7819,64.58803270580181,11.145790084097086
7820,64.34770497475269,11.574113432914382
7822,64.36963419179965,11.38691304374263
7856,64.67007490303482,11.209453420248144
7860,64.49392558114562,11.770186553134527
7863,64.4489600421626,11.928517926869192
7870,64.46700855446781,12.550443780278705
7873,64.60996826817998,12.668244912133131
7876,64.88977361250413,12.494237221917151
7877,64.68980379005527,12.305403381714207
7882,64.48728438577402,13.575903646747035
7884,64.2060691766131,13.666688924061955
7890,64.98011152763044,13.195743851838879
7892,64.76235285133836,12.819110460233567
7893,64.64515446292495,13.1418939380813
7896,64.88220048974269,12.890028061476551
7898,64.92218317601534,13.722167960368411
7900,64.84608246988165,11.076852781146993
7924,64.89643561523317,10.669941559353415
7940,64.88511245729279,11.410422862933848
7944,64.80393427543943,11.298599110639707
7950,64.73750053150329,11.16152528616704
7960,64.7982110790228,11.95874489980563
7970,64.87383979189373,11.544144113087263
7973,64.96061705874591,11.432151134390692
7980,65.10781970889461,12.625997005614565
7981,65.26367007791309,12.371562764538002
7982,65.22585171775542,11.754316953065842
7985,64.95331233767402,12.13328238641717
7990,65.00656102958766,11.798614195451021
7993,65.09932716037275,11.851016639130107
7994,65.19766809122072,11.247178737155275
8003,67.29492163854508,14.296760187881564
8004,67.25170579285658,14.345418138792546
8005,67.28100198997763,14.388076578530086
8006,67.28760211103557,14.392383089800864
8007,67.28126964939095,14.400323866181527
8008,67.27875905187352,14.415678063391377
8009,67.28969929945798,14.420813590065784
8010,67.28621008668604,14.420049671100388
8011,67.30014016133251,14.44655193140199
8012,67.32186339737936,14.3767516029665
8013,67.26251867672282,14.453735109782174
8014,67.30913545302937,14.42506176555189
8015,67.33188786765888,14.423125021112128
8016,67.39775585482994,14.597990370135133
8019,67.2652942499858,14.506717542817533
8020,67.27490011936746,14.601130881027691
8021,67.27984782863328,14.513133959015795
8022,67.28227099985018,14.536307814997196
8023,67.28447484849839,14.539182146599245
8025,67.327673039891,14.614971014381739
8026,67.29585454324403,14.562370053883319
8027,67.29274457171388,14.564624864161141
8028,67.28996137150236,14.574928972252161
8029,67.29367859981147,14.591172569163668
8030,67.29640561462962,14.666102335877031
8050,67.34104813204434,14.89978561855295
8056,67.18105791563828,14.581043605931553
8063,67.62629278248212,12.85102287221399
8064,67.36933199889954,12.195763492214393
8070,67.2658630720321,14.426063055032461
8071,67.27342327616856,14.467893036183785
8072,67.27466674688756,14.479899437507965
8073,67.2820942924814,14.477641592982057
8074,67.27879128776713,14.458150281118579
8075,67.28004205498334,14.449147297293917
8076,67.2840544343443,14.436887681457216
8079,67.27441958896881,14.486173617649417
8093,67.53402237843876,14.768156312432865
8094,67.15512402625644,13.589620251488698
8095,67.4980829368434,13.668279229927448
8096,67.27978879805589,14.030258403957994
8097,67.29349195200939,13.274675129037474
8098,67.43253682306708,14.30543522632738
8099,71.0261913296938,-8.463123649494582
8100,67.10388670408254,14.977349679014337
8102,67.20909745712636,15.02794355311447
8103,67.1810839632537,15.191793097024474
8110,66.99115994657853,14.651326336525932
8114,66.80776279377076,14.676333893526856
8120,66.94373224597189,14.230568403829254
8128,67.08995108991142,14.570493205372296
8130,67.12902583272574,14.160266697069703
8135,67.06816769190651,13.7277384701172
8136,67.17563597166372,13.999509678447101
8140,66.99656312258972,13.977994655758003
8145,66.95789154516599,13.748998025363
8146,66.94112905182543,13.600106655830272
8149,66.83538799190515,13.789914510939834
8150,66.8589204770602,13.720326522199136
8157,66.83504170557644,13.443851363620945
8158,67.0328326733848,12.959176553946886
8159,66.93924744713122,13.403195854983275
8160,66.74420487509398,14.119122849514973
8170,66.76575003147401,13.35009835062794
8178,66.70810534528219,13.777109574105701
8181,66.88704877711687,12.470202604848984
8182,66.55274288960277,13.603586525682202
8184,66.71565684631037,13.481284800931599
8185,66.71853754295833,13.26405808167644
8186,66.66390380134398,13.49298516682694
8187,66.60474130765293,13.26661425851042
8188,66.66575824172259,13.209852482372575
8189,66.53680268530208,13.054729084089502
8190,66.48703398310708,13.399496049193278
8193,66.67978373607322,12.978195490506465
8195,66.62282582034389,12.98320998885213
8196,66.57394240301345,12.97951117725001
8197,66.56048994407392,12.83091721935959
8198,66.57441155508421,12.585290183246066
8200,67.25886815882504,15.40461384036489
8206,67.2394875566292,15.302955996713937
8207,67.26579799377804,15.371970535946176
8208,67.2732872149368,15.387672454367062
8209,67.26912498510903,15.443433456869307
8210,67.25564084723855,15.446652094633631
8211,67.23962047545983,15.712244257643576
8214,67.2649070574668,15.232384016982888
8215,67.35626347134831,15.259550710178395
8218,67.32107989385479,15.429745198733855
8219,67.29947296614542,15.514772717381197
8220,67.53189919114665,15.320851290087585
8226,67.40101298398376,15.854894949304173
8230,67.08780635056611,16.027098165779748
8250,67.09147411942922,15.355083505700174
8252,67.03929500022865,15.31256326283114
8253,67.11018477010371,15.536148930495543
8255,66.80218539492817,15.443740883830102
8260,67.81791742780732,16.04816429838415
8264,67.58908273285105,15.888742367173599
8266,67.7201586030816,15.833953768295586
8270,68.02260968673563,16.117507463269185
8273,68.12367498615208,16.109066206641494
8274,67.82221778059319,16.395945553787268
8275,68.23034804727227,16.0117296633685
8276,68.1383771557933,15.854339884510505
8278,67.9995185754272,16.58825424537865
8283,67.74126608783065,14.289137107147855
8285,67.73031592777762,14.868627518704196
8286,67.71546039549729,15.148172666310348
8288,67.89352336171689,14.78774687950393
8289,67.98915239915468,14.88916428836658
8290,68.0596729693474,15.34620624832048
8294,68.13097246955792,15.501205324921102
8297,68.1852078946928,15.649638644964018
8300,68.24178754309634,14.63519501374897
8310,68.15182861760076,14.396820580877641
8312,68.09397554465629,14.204145585318274
8313,68.275359916172,14.32298825720799
8314,68.42029739601777,14.00319634849997
8315,68.41942383169895,14.373959986831416
8316,68.3498888943334,14.758844146965174
8317,68.4377040243402,14.770614691189971
8320,68.10493907891582,14.677491625540535
8322,68.21096066217144,14.877165138984413
8323,68.33112251026532,15.169525316891766
8324,68.26339366107085,15.023515964186323
8325,68.4010093236749,15.131040970471693
8326,68.4538657587898,15.086419796220675
8328,68.29281971564264,14.90731553154308
8340,68.03746437495602,13.985384123986828
8352,67.97664114861708,13.790322941572626
8357,68.19196777699491,14.0148006358895
8360,68.30626202089691,13.716626887760594
8370,68.16562588450591,13.57588910205766
8372,68.1214742980348,13.516554008918005
8373,67.94510467247673,13.602667170456082
8380,67.99549658788035,13.347879329437923
8382,68.17832578005886,13.264490960473486
8384,67.99042270586955,13.221458711302178
8385,68.00470984130115,13.124108294251627
8387,68.11163084967556,13.025075015557706
8390,67.94496040503262,13.113559290515813
8392,67.8357344612817,13.059331669305202
8400,68.69796247450763,15.417426430701736
8402,68.70222794739136,15.388837486570521
8403,68.68767470118449,15.35673314665987
8404,68.65281543170741,15.268582941571143
8406,68.63145720632858,15.52886598871654
8407,68.82489748117766,15.777638594632535
8408,68.79931537367699,14.948649826604363
8409,68.60947939782677,15.814927373263442
8410,68.45202928520867,15.91837932510488
8412,68.34879624719129,15.489678261362409
8413,68.56831101655175,15.274544439217884
8414,68.52067606074907,15.181382242748862
8415,68.69960082335301,15.16944396036172
8416,68.76236571293703,15.17674960816674
8426,68.82590329697285,14.786479216639336
8428,68.91850694348601,14.783550447464158
8430,68.94561596897405,15.076406913905078
8432,68.8970658226877,15.275251885882444
8438,69.08877395870458,15.158062830314933
8445,68.51068478320214,14.599492101734869
8447,68.49683352527212,15.31372583763669
8450,68.5928055286689,14.921771255396822
8470,68.60585153872697,14.273477444371744
8475,68.75840830324144,14.482540282642361
8480,69.31290315570638,16.212785968551714
8481,69.30579646097873,15.874165983101792
8484,68.94155784995623,15.627358501362691
8485,69.09310465328812,15.975637888741337
8488,69.0917134210249,15.472018979194923
8489,69.19439412163429,15.64094979222671
8514,68.41734027268697,17.4520242918004
8515,68.43437500833546,17.476681986919914
8516,68.44483140327223,17.372497415309763
8517,68.45008025580769,17.443434231618074
8519,68.45629447087194,17.823619252678508
8520,68.41594497278504,17.369905010964143
8521,68.37051625538847,17.38848355558061
8522,68.30079673376345,17.791383351015885
8523,68.18123283130048,17.594103453845705
8530,68.55264924880842,17.66129094416351
8533,68.49888286656555,17.126439334241347
8534,68.4892012126652,16.843991592657925
8535,68.4696947741381,16.615719469267965
8536,68.49224846811964,16.682247738491547
8540,68.26701382084718,16.705876549480536
8543,68.38827475107851,16.614952321954604
8590,68.0678400369333,16.58028241045377
8610,66.31797410360157,14.215269827759641
8611,66.24282700947455,14.549747446577914
8613,66.33289543033406,14.21119950838916
8614,66.35827726805549,14.136873044177097
8615,66.51080514409391,14.196445385731392
8616,66.32706760768525,13.979767069847425
8617,66.22658567827555,14.057495115113433
8618,66.19587652881751,14.33014352968753
8622,66.32515584292547,14.143460395400808
8624,66.30768759198718,14.110882462901692
8626,66.29987695452023,14.18346540291773
8630,66.44333786771867,14.97625162046642
8640,66.21126353419737,13.636712356102938
8642,66.2113652624531,13.822866931619183
8643,66.0920958926252,14.216977890536299
8646,66.03876253805613,13.924345844728885
8647,65.89233443448786,14.076876257551552
8656,65.83253794271326,13.195997718495573
8657,65.83845432636099,13.215369524233992
8658,65.69178018490018,13.201954722814966
8659,65.83976637568384,13.532111991811359
8660,65.80903356045988,13.221683749255495
8661,65.8273480786316,13.217736870696887
8663,65.85144266763082,13.197904728478349
8664,65.9600546398705,13.286516624484925
8665,65.86635974914208,13.18934828165271
8666,65.83487538616549,12.865214454967944
8672,66.06407817224989,13.538661252936944
8682,65.54265033350913,13.350959689915468
8683,65.55826526029618,13.590205029836621
8684,65.65474816975141,13.455940537603729
8685,65.32200766343095,13.437814696020094
8692,65.6017051285526,13.98068143857375
8693,65.59244269101221,13.998227173170479
8694,65.68153688908858,13.8477524835834
8695,65.71421408070921,14.316145594716588
8696,65.35174664773663,14.11429091306807
8700,66.20217272033925,13.01430423406834
8704,66.2511339261573,13.157710534861383
8705,66.21502779499139,13.17086845084767
8720,66.18364833562232,12.90898739043744
8723,66.26119861096504,12.79883405701193
8724,66.26363789376164,13.029878019670235
8725,66.3370332038947,13.545571156387311
8730,66.40160987959885,13.144053031964976
8732,66.39483237637339,13.049257549542066
8733,66.42557058705262,13.046439061438178
8735,66.33079463058985,13.095781033653276
8740,66.35527825671112,12.717082805750193
8742,66.6271892424499,12.153468670549806
8743,66.47148974759875,12.920803113449622
8750,66.50795656132215,13.019001543398465
8752,66.48170943703036,13.093153721290562
8754,66.46541970441423,13.246841449370567
8762,66.32066640302213,12.521498056649087
8764,66.37023574346637,12.26403682199451
8766,66.39773179598528,12.858107684773293
8770,66.47210503126955,12.031299488904374
8800,66.022230723457,12.604694562922933
8802,66.00457734656945,12.546648157728562
8803,66.00171104664759,12.671426216387589
8804,65.93575568233662,12.509846357119912
8813,66.16569319132607,12.736258332012053
8820,66.12540817713084,12.508959184444329
8830,66.2464772042816,12.05216742192865
8842,65.90433531947635,12.13106188862256
8844,65.89819418848263,11.984732550253728
8850,66.09472434833285,11.838290587269668
8854,65.82393024709819,12.261542943210786
8860,65.79982982462758,12.426109391390433
8865,65.80990630322515,12.549780168766738
8870,65.64111009967391,12.749225327911594
8880,65.87091307016699,12.599058588891843
8890,66.08343429291055,12.991393399035053
8892,66.00169225673343,12.816404310576786
8897,66.18139894924283,13.364904596532883
8900,65.47083151378153,12.21275275116264
8904,65.4453803803253,12.194504960899483
8906,65.47290921505649,12.226531986791475
8907,65.49304548543032,12.223828234706886
8908,65.50837676900895,12.305547551917455
8909,65.46359839069424,11.634934446333196
8920,65.32575728980609,11.900697858192043
8960,65.40467531592509,12.730552482495064
8976,65.6581203296052,12.381105712411124
8982,65.6755934585367,11.953577549360238
8983,65.67686129159341,11.964312158672824
8984,65.75537749571727,11.62303117948813
8985,65.62068539752597,12.153244759949908
8986,65.64703381683982,11.994066585404088
9006,69.62785364632263,18.913189898145788
9007,69.64241707016727,18.937576913762143
9008,69.65031008043704,18.96248330805155
9009,69.65409489485418,18.950335320108326
9010,69.66800450098907,18.975790783855476
9011,69.66086443575573,18.946132461384813
9012,69.65197090040438,18.926757883962317
9013,69.6410208975215,18.89444926077037
9014,69.68412015241194,18.94856056764998
9015,69.67556229423889,18.936222646855636
9016,69.66957696754912,18.90309794336375
9017,69.70759807643142,18.977504032762923
9018,69.70207240552024,19.02112105475283
9019,69.68327052972417,18.994245124291368
9020,69.61129611009366,18.997438520986357
9021,69.55969857186147,19.011629563735706
9022,69.65807897198057,19.121154533644432
9023,69.7391260432163,19.32946728636125
9024,69.64297557215667,19.071072512843962
9027,69.5672333936079,19.319374133382162
9030,69.52477086821757,19.549113658101863
9034,69.747224014612,19.640851232530505
9040,69.23762706468843,19.58958873587137
9042,69.40891132213534,19.19606297471167
9043,69.54922562229086,19.84376525940713
9045,69.40208854008075,19.655600410389983
9046,69.21373930181541,20.12018052416991
9050,69.21620648076544,19.204847904705556
9055,69.35715852549136,18.888255239320525
9056,69.43791327570136,18.570589765855452
9057,69.51473149149423,18.752157808640597
9060,69.61972066806824,20.22476007327242
9062,69.44725559346546,20.021888763419618
9064,69.72621050329963,19.9471605978515
9068,69.90078766956357,20.234317162258506
9100,69.69632018616927,18.831875235023826
9101,69.73532414753764,18.802084740362876
9102,69.72242789445752,18.8797907484645
9103,69.81060569610047,18.853732955003117
9104,69.69411849609168,18.796814271999448
9105,69.67491324588573,18.762974563691426
9106,69.55223442947367,18.37048807656135
9107,69.7678637166483,18.112413176348905
9108,69.6226162009031,18.347384563012913
9109,69.62305891366965,18.767209913814476
9110,69.65584463061158,17.885954321841574
9118,69.58962603512197,18.03643664401483
9120,69.8911567479204,18.249553312295692
9128,69.67600611619312,18.089207985154378
9130,70.13827818772238,19.057964683629336
9131,69.8871141783512,18.984698398812302
9132,69.90614408101825,19.70498406840011
9135,70.28703012269584,20.124175673725947
9136,70.27581422030151,19.657924280700392
9138,70.00574839766529,20.005835084356878
9140,70.02283064740267,18.561550319318528
9141,70.04226797750029,18.52707049323221
9143,69.24785447179417,20.611579169317015
9144,69.46110915776751,20.559227603845446
9146,69.64322349928379,20.602417602710844
9147,69.4017984714721,20.957954729141516
9151,69.77339800161732,21.027440484826297
9152,69.80289001181096,20.919936661111016
9153,69.7650899677485,20.7645579191391
9154,69.4311716064306,21.698313690755295
9157,69.83749707377805,21.089616814512915
9158,69.85558957595002,21.402096970660935
9159,69.81751411817723,20.532813381169408
9161,69.94384492262142,22.13413415722145
9162,69.69827753117814,22.13799748922058
9163,70.09160390093103,21.946967909379897
9170,78.92830665256682,19.761937703967593
9173,78.90689810714278,11.782105713312774
9174,76.58063324929257,25.19542917290738
9175,77.88075382966996,16.929280875740574
9176,74.43443136261322,19.02530457710203
9178,78.11246958635878,14.780668784425261
9180,70.00962466388496,20.98160264830413
9181,69.92515540899089,21.005234724557862
9182,70.1872944039892,21.15646319867185
9184,70.11979767881503,21.457535486610485
9185,70.02156056429672,21.59752192303523
9186,70.26889345938245,21.17005097773814
9187,69.96929447131389,21.560284330728965
9190,70.09291936014061,20.39086528645527
9192,70.07791346334977,20.602095033897466
9193,70.13836455983208,20.926265380246683
9194,70.15701259372898,20.791061826511683
9195,70.34481714465822,20.625649251350193
9197,69.91579343864207,20.58612665147432
9300,69.23231348060041,18.023431367324502
9302,69.38850973997032,18.35627352664525
9303,69.2573215634575,17.715627983935768
9304,69.18917430983359,17.48846751946115
9307,69.36885865955912,18.133890864867613
9308,69.22910647391012,18.09702092919088
9309,69.24925527053469,18.224956916301572
9310,69.08746490849813,18.153132430734246
9311,69.03750289676924,17.61933398522602
9321,69.18270627286516,18.74172630586392
9322,69.19466065689508,18.418883527348914
9325,68.92074147764883,18.86511571083913
9334,68.86792105078074,19.707847642652368
9336,69.03661112691323,18.896657375322174
9350,68.89289112134023,17.84782518689262
9357,68.73136790782152,17.800794488307588
9360,68.66437443164287,18.887132390228444
9372,69.39741528811462,17.895215814617828
9373,69.5438948762249,17.809822739466608
9376,69.15038100126657,17.59277431130698
9380,69.41225875327764,16.771506886770673
9381,69.33020871434802,17.151471219084737
9385,69.45689426249841,17.224033560303074
9386,69.5477447317672,17.43363932478206
9388,69.59103517273493,17.53501693556578
9389,69.61324664120322,17.60422105855715
9392,69.08046410670549,17.03198338556336
9393,69.20888383060795,16.969660738008162
9395,69.2909178327504,16.897512507225823
9402,68.84314123019666,16.346549900797122
9403,68.80794265071711,16.50986150131922
9404,68.82020008164278,16.609017867722176
9405,68.8004433363219,16.53479110663106
9406,68.78862066797393,16.510437915913872
9407,68.7768819937636,16.498105074386963
9408,68.78574289398311,16.545118753378105
9409,68.78816021608597,16.65792329546589
9411,68.7710845830756,16.55671262291348
9414,68.75940212111999,16.574115736268222
9415,68.73342137909125,16.591486889283477
9419,68.67007579051024,16.508733141930954
9420,68.92141436522742,16.52288736297583
9423,68.97426440583537,16.257208239260795
9424,68.86837365528585,16.741339496959064
9425,68.96065800104277,16.7711830315686
9426,69.0284539745395,16.448705612539047
9427,69.16159047649272,16.507794918445775
9430,68.60171095453245,16.456468729400452
9436,68.57379812884355,16.203959180813438
9440,68.57101541198391,16.660434600568067
9441,68.5407035409037,16.51445761330419
9442,68.4740786241218,16.523188052094223
9443,68.43201261845489,16.350337125476656
9444,68.47520987885596,16.243476521419026
9445,68.64537873005764,16.885611349994253
9446,68.63867659642112,17.219885460312977
9450,68.80194460480298,16.957557454831075
9453,68.84621004996538,17.400150585828893
9454,68.84136050104932,17.18122840902037
9455,68.91486385362498,17.232161525667046
9470,68.69407314018582,17.516244619598908
9475,68.74829115196978,16.154821988451808
9510,69.9701557411657,23.291467864493416
9511,69.9833557867333,23.24468921113133
9512,69.95259764257102,23.196696787057142
9513,69.96490315610828,23.2246892380642
9514,69.96049948853461,23.304578658914977
9515,69.98787343135604,23.340360070038447
9516,69.94042505217026,23.342461990305157
9517,69.9752739428368,23.43253773889792
9518,69.78270430978533,23.34360754502548
9519,70.15125573532652,23.469659383283915
9520,69.01170274790007,23.034732825802518
9522,69.03655735397228,23.07273464900754
9523,69.11772733085394,23.429936046436204
9524,69.21968996759578,24.06797701213498
9525,69.45232810311025,23.27168214236511
9527,68.96635963590926,22.60929752767418
9528,68.80950584553317,23.291324439227882
9529,68.87475762820367,24.363107478420027
9531,70.30303374794045,22.792251166310542
9532,70.34737248387744,23.16367414750496
9533,70.13833715667846,23.168724202151612
9536,70.29090802445796,23.50915139989297
9537,69.85280875691684,23.863385046261772
9538,70.02781998608648,23.644340039802152
9540,70.08659409562908,22.763403260782038
9541,69.83528841178047,22.818910397339945
9545,70.0260066051408,22.39090277218805
9550,70.25713961481223,22.36663191128804
9552,70.15008827161874,22.370626917038745
9580,70.35621403401072,21.80842395198587
9582,70.25275640357803,22.138592855651968
9583,70.12768252014463,21.810738052985297
9584,70.18965528625027,21.816742609613833
9585,70.25857548985101,21.590993601609394
9586,70.47321434550287,21.190122845497044
9587,70.24524557755007,21.472155993950473
9590,70.4459861858591,22.373592309440653
9593,70.69964891349338,22.480110625177648
9595,70.62535006747248,21.823187238489336
9600,70.65719764251868,23.599388821127917
9601,70.6834375845836,23.60088127260676
9602,70.68851738729725,23.690992404573848
9603,70.63427915347064,23.807571913690914
9609,70.57853957747565,23.409431354360574
9610,70.60740051463597,23.691413776782547
9612,70.7210031719514,23.877436783779547
9620,70.38872056040837,24.050655528967642
9624,70.64413034148778,24.33946054950474
9650,70.89757227002818,23.4586998589267
9651,70.7442981901849,23.010540193288033
9657,70.47888615780732,23.10973975386771
9664,70.70202038107449,22.969498973187065
9670,70.96830007660276,24.006046942005444
9672,71.09715922917594,24.00690844163985
9690,71.07173231396271,24.65711629313287
9692,70.91849521635984,25.11328232494266
9700,70.05296258859332,25.416308567730727
9709,69.90086749011004,25.204970740803297
9710,70.13679657073594,24.591562563676376
9713,70.53826670986686,25.196649606558655
9714,70.78894684194553,24.571869483128914
9715,70.57192237308905,24.663235282102445
9716,70.44521065784458,25.711603832588548
9717,70.75153257883598,26.596856014959595
9722,69.81395624569907,24.945089296625326
9730,69.48662567061658,25.5423310424049
9731,69.45914514273464,25.513106268746107
9732,69.58517514870498,24.72714560981761
9733,69.63356825586962,25.341851765606396
9734,69.68302836234197,25.77718447499566
9736,69.28131908003989,24.905933484962613
9737,69.114575038807,25.39250979928167
9740,70.55713132099588,27.122597598051218
9742,70.27943924567374,26.369145616874228
9750,70.9730200357504,25.97137981212193
9760,70.97105636407193,26.385394380809288
9762,71.03595419505955,25.942932438306773
9763,71.14888768612728,26.09270970199025
9764,71.19047396062386,25.643641518388353
9765,71.08532338866962,25.354837319887356
9766,70.96489667400853,25.669593541551535
9768,70.82511209601753,25.7305175746553
9770,71.0464832782501,27.864419572543163
9771,70.78870444742917,27.87915199275403
9772,70.73277739748309,28.123590778142205
9773,70.59947261229314,27.720459769575065
9775,70.97278968944738,28.378578273286482
9782,70.89237166333442,27.171294989291393
9790,71.05925926123562,27.313630914924932
9800,70.04233018281074,29.788628727330025
9801,70.08826872705461,29.614686343335812
9802,70.25933574551075,29.393174430154613
9803,70.11258756500851,29.791812991620674
9804,70.13235618482784,30.18504678214685
9826,69.99817999086198,26.633828944029922
9840,70.13317844362616,28.799122368762838
9841,70.41307054514368,27.941930003041236
9842,70.43932619602407,28.560901022279698
9843,70.16205165175425,27.535493530430852
9844,70.02096458131722,28.198389334647587
9845,70.18187121653372,28.224565510831688
9900,69.72619611418999,30.042555768912194
9901,69.71128943091107,30.04883050393555
9910,69.61428529951233,29.77524878013791
9911,69.78606783672535,30.53916172890334
9912,69.81714578201192,29.882415553219285
9925,69.56011167713145,29.983957807405414
9926,69.30911711480182,29.32475025607161
9930,69.78338295992096,29.214610544783735
9935,69.99117737580043,29.550272410239035
9950,70.46937524862567,31.010701692143908
9952,70.38326373976139,31.079633600021964
9955,70.43219322175034,30.55810488235261
9960,70.20933644352168,30.810203575618367
9980,70.74008672644283,29.046445850797046
9982,70.77377083290551,29.610314522443772
9990,70.55821335356012,29.904583004143163
